step_count,active_time,target,others_time,update_time,create_time,goal,longest_active_time,score,distance,calorie,extra_data,deviceuuid,run_time,pkg_name,walk_time,longest_idle_time,datauuid,day_time
0,90,0,2022-09-16 02:24:15.085,2022-09-16 02:24:15.085,-1,0,0,0.0,0.0,1a1451bc-f6c3-4147-8a11-d3eaece078d8.extra_data.json,+OWbbAvnWG,0,com.sec.android.app.shealth,0,-1,1a1451bc-f6c3-4147-8a11-d3eaece078d8,1661040000000,
0,90,0,2022-09-16 02:24:15.043,2022-09-16 02:24:15.043,-1,0,0,0.0,0.0,78bbd061-deb9-4d5e-917f-b1e6f90523f1.extra_data.json,+OWbbAvnWG,0,com.sec.android.app.shealth,0,-1,78bbd061-deb9-4d5e-917f-b1e6f90523f1,1660867200000,
0,90,0,2022-09-16 02:24:15.067,2022-09-16 02:24:15.067,-1,0,0,0.0,0.0,e898533b-c120-4124-92ec-076f18eb424d.extra_data.json,+OWbbAvnWG,0,com.sec.android.app.shealth,0,-1,e898533b-c120-4124-92ec-076f18eb424d,1660953600000,
27347,90,0,2022-09-16 03:04:22.255,2022-09-16 02:24:15.014,-1,12006,0,29.870003,1.8199999,b7bb78d1-b0e3-4627-942f-91b564609f69.extra_data.json,+OWbbAvnWG,0,com.sec.android.app.shealth,27347,80640000,b7bb78d1-b0e3-4627-942f-91b564609f69,1663200000000,
0,90,0,2022-09-16 02:24:15.167,2022-09-16 02:24:15.167,-1,0,0,0.0,0.0,f8a5937f-5ddd-4a5d-b776-ee04619ff657.extra_data.json,+OWbbAvnWG,0,com.sec.android.app.shealth,0,-1,f8a5937f-5ddd-4a5d-b776-ee04619ff657,1661558400000,
0,90,0,2022-09-16 02:24:15.152,2022-09-16 02:24:15.152,-1,0,0,0.0,0.0,1b1344f4-9b71-4904-89d4-37d87ec6ed70.extra_data.json,+OWbbAvnWG,0,com.sec.android.app.shealth,0,-1,1b1344f4-9b71-4904-89d4-37d87ec6ed70,1661472000000,
0,90,0,2022-09-16 02:24:15.250,2022-09-16 02:24:15.250,-1,0,0,0.0,0.0,b12c0d86-4f5f-4198-b00b-eb8a36f67e0c.extra_data.json,+OWbbAvnWG,0,com.sec.android.app.shealth,0,-1,b12c0d86-4f5f-4198-b00b-eb8a36f67e0c,1662076800000,
0,90,0,2022-09-16 02:24:15.129,2022-09-16 02:24:15.129,-1,0,0,0.0,0.0,06c04928-67f7-4960-86ec-4e964cf0eed6.extra_data.json,+OWbbAvnWG,0,com.sec.android.app.shealth,0,-1,06c04928-67f7-4960-86ec-4e964cf0eed6,1661299200000,
0,90,0,2022-09-16 02:24:15.139,2022-09-16 02:24:15.139,-1,0,0,0.0,0.0,3ec8fb79-acc4-4ff4-b276-cd63537b77a1.extra_data.json,+OWbbAvnWG,0,com.sec.android.app.shealth,0,-1,3ec8fb79-acc4-4ff4-b276-cd63537b77a1,1661385600000,
0,90,0,2022-09-16 02:24:15.233,2022-09-16 02:24:15.233,-1,0,0,0.0,0.0,bf889231-0a87-482c-85ea-5a601bfb0e97.extra_data.json,+OWbbAvnWG,0,com.sec.android.app.shealth,0,-1,bf889231-0a87-482c-85ea-5a601bfb0e97,1661990400000,
0,90,0,2022-09-16 02:24:15.340,2022-09-16 02:24:15.340,-1,0,0,0.0,0.0,6be285c4-99f6-4bd1-8a53-6e21025cda01.extra_data.json,+OWbbAvnWG,0,com.sec.android.app.shealth,0,-1,6be285c4-99f6-4bd1-8a53-6e21025cda01,1662595200000,
0,90,0,2022-09-16 02:24:15.101,2022-09-16 02:24:15.101,-1,0,0,0.0,0.0,b2b4f9dd-f609-4b8f-895f-39a6f21974ec.extra_data.json,+OWbbAvnWG,0,com.sec.android.app.shealth,0,-1,b2b4f9dd-f609-4b8f-895f-39a6f21974ec,1661126400000,
0,90,0,2022-09-16 02:24:15.205,2022-09-16 02:24:15.205,-1,0,0,0.0,0.0,3376d1cc-94fb-41ab-80d4-54b9125b05a1.extra_data.json,+OWbbAvnWG,0,com.sec.android.app.shealth,0,-1,3376d1cc-94fb-41ab-80d4-54b9125b05a1,1661817600000,
0,90,0,2022-09-16 02:24:15.318,2022-09-16 02:24:15.318,-1,0,0,0.0,0.0,ee4974c4-5d3c-4516-9604-12fcd86b00aa.extra_data.json,+OWbbAvnWG,0,com.sec.android.app.shealth,0,-1,ee4974c4-5d3c-4516-9604-12fcd86b00aa,1662508800000,
0,90,0,2022-09-16 02:24:15.224,2022-09-16 02:24:15.224,-1,0,0,0.0,0.0,1ce8bbec-d695-4b48-9f0a-560083ba0a70.extra_data.json,+OWbbAvnWG,0,com.sec.android.app.shealth,0,-1,1ce8bbec-d695-4b48-9f0a-560083ba0a70,1661904000000,
0,90,0,2022-09-16 02:24:15.411,2022-09-16 02:24:15.411,-1,0,0,0.0,0.0,8416ab81-e8f8-450b-9b4e-45a7fbf37c73.extra_data.json,+OWbbAvnWG,0,com.sec.android.app.shealth,0,-1,8416ab81-e8f8-450b-9b4e-45a7fbf37c73,1663113600000,
0,90,0,2022-09-16 02:24:15.179,2022-09-16 02:24:15.179,-1,0,0,0.0,0.0,be81b72a-9799-4425-b0c8-0b5056fb364b.extra_data.json,+OWbbAvnWG,0,com.sec.android.app.shealth,0,-1,be81b72a-9799-4425-b0c8-0b5056fb364b,1661644800000,
0,90,0,2022-09-16 02:24:15.112,2022-09-16 02:24:15.112,-1,0,0,0.0,0.0,ec436066-71c8-460c-b747-3168ee1d97a8.extra_data.json,+OWbbAvnWG,0,com.sec.android.app.shealth,0,-1,ec436066-71c8-460c-b747-3168ee1d97a8,1661212800000,
5808650,90,0,2022-09-22 14:17:41.324,2022-09-21 04:00:00.394,-1,1090193,105,6726.7783,672.09106,33d88e33-375f-40a1-973a-f3a70cb807bc.extra_data.json,+OWbbAvnWG,49993,com.sec.android.app.shealth,5758657,20640000,33d88e33-375f-40a1-973a-f3a70cb807bc,1663718400000,
0,90,0,2022-09-16 02:24:15.291,2022-09-16 02:24:15.291,-1,0,0,0.0,0.0,097646cf-2640-45a2-a658-bcd5d94f7a6e.extra_data.json,+OWbbAvnWG,0,com.sec.android.app.shealth,0,-1,097646cf-2640-45a2-a658-bcd5d94f7a6e,1662336000000,
0,90,0,2022-09-16 02:24:15.402,2022-09-16 02:24:15.402,-1,0,0,0.0,0.0,a08123ec-7f95-4f14-8955-7786a2b8b70f.extra_data.json,+OWbbAvnWG,0,com.sec.android.app.shealth,0,-1,a08123ec-7f95-4f14-8955-7786a2b8b70f,1663027200000,
0,90,0,2022-09-16 02:24:15.300,2022-09-16 02:24:15.300,-1,0,0,0.0,0.0,91b85326-f732-496c-9dba-13bbd18c8e23.extra_data.json,+OWbbAvnWG,0,com.sec.android.app.shealth,0,-1,91b85326-f732-496c-9dba-13bbd18c8e23,1662422400000,
0,90,0,2022-09-16 02:24:15.192,2022-09-16 02:24:15.192,-1,0,0,0.0,0.0,f4c2aa6c-8755-4e06-80c6-b5bf735f474f.extra_data.json,+OWbbAvnWG,0,com.sec.android.app.shealth,0,-1,f4c2aa6c-8755-4e06-80c6-b5bf735f474f,1661731200000,
4169655,90,0,2022-09-28 03:52:49.533,2022-09-27 04:31:54.465,-1,539121,76,5027.5347,485.7642,8b71ba56-f0d0-4e69-aec6-ca3345ad623f.extra_data.json,+OWbbAvnWG,19512,com.sec.android.app.shealth,4150143,31200000,8b71ba56-f0d0-4e69-aec6-ca3345ad623f,1664236800000,
0,90,0,2022-09-16 02:24:15.260,2022-09-16 02:24:15.260,-1,0,0,0.0,0.0,23a43d2a-a4ec-4c63-9da0-7075a73578af.extra_data.json,+OWbbAvnWG,0,com.sec.android.app.shealth,0,-1,23a43d2a-a4ec-4c63-9da0-7075a73578af,1662163200000,
5613114,90,555476,2022-09-21 03:48:13.962,2022-09-20 04:00:00.639,-1,933884,102,6329.2495,674.56744,e251719e-ea4a-43d3-80b2-f1709376d274.extra_data.json,+OWbbAvnWG,18278,com.sec.android.app.shealth,5039360,31140000,e251719e-ea4a-43d3-80b2-f1709376d274,1663632000000,
0,90,0,2022-09-16 02:24:15.392,2022-09-16 02:24:15.392,-1,0,0,0.0,0.0,744ae261-e4f9-4192-a2ae-927bcb410960.extra_data.json,+OWbbAvnWG,0,com.sec.android.app.shealth,0,-1,744ae261-e4f9-4192-a2ae-927bcb410960,1662940800000,
0,90,0,2022-09-16 02:24:15.276,2022-09-16 02:24:15.276,-1,0,0,0.0,0.0,13bd42f1-3e40-4716-af5e-5d59c2a1a8a7.extra_data.json,+OWbbAvnWG,0,com.sec.android.app.shealth,0,-1,13bd42f1-3e40-4716-af5e-5d59c2a1a8a7,1662249600000,
4655845,90,0,2022-10-04 16:30:23.638,2022-10-03 04:00:01.374,-1,1167223,85,5519.1616,565.0288,34a9bd41-f056-4ada-bec6-3d072cbf28f8.extra_data.json,+OWbbAvnWG,15600,com.sec.android.app.shealth,4640245,32580000,34a9bd41-f056-4ada-bec6-3d072cbf28f8,1664755200000,
0,90,0,2022-09-16 02:24:15.382,2022-09-16 02:24:15.382,-1,0,0,0.0,0.0,270eefab-521a-42f4-947a-1e34c5c199ec.extra_data.json,+OWbbAvnWG,0,com.sec.android.app.shealth,0,-1,270eefab-521a-42f4-947a-1e34c5c199ec,1662854400000,
1349708,90,0,2022-09-20 03:23:49.125,2022-09-19 04:01:06.877,-1,660000,24,1582.5199,147.51999,7009ef6e-93b8-4a49-be71-3ef3a6dc996e.extra_data.json,+OWbbAvnWG,0,com.sec.android.app.shealth,1349708,24240000,7009ef6e-93b8-4a49-be71-3ef3a6dc996e,1663545600000,
0,90,0,2022-09-16 02:24:15.362,2022-09-16 02:24:15.362,-1,0,0,0.0,0.0,64ad0ef1-0adc-48b6-9f35-b988fde7a9eb.extra_data.json,+OWbbAvnWG,0,com.sec.android.app.shealth,0,-1,64ad0ef1-0adc-48b6-9f35-b988fde7a9eb,1662681600000,
2062236,90,0,2022-10-10 03:56:08.603,2022-10-09 04:00:01.930,-1,420000,37,2486.1914,241.6697,eea32f2b-99d4-4526-86c7-8f2adabf756f.extra_data.json,+OWbbAvnWG,9600,com.sec.android.app.shealth,2052636,34500000,eea32f2b-99d4-4526-86c7-8f2adabf756f,1665273600000,
3958025,90,0,2022-09-27 03:30:02.278,2022-09-26 04:06:18.257,-1,360000,72,4841.219,469.21106,f141b591-2d30-487e-8e63-5f3ac11a342a.extra_data.json,+OWbbAvnWG,6800,com.sec.android.app.shealth,3951225,21720000,f141b591-2d30-487e-8e63-5f3ac11a342a,1664150400000,
0,90,0,2022-09-16 02:24:15.374,2022-09-16 02:24:15.374,-1,0,0,0.0,0.0,35cc8578-5e6a-4828-8252-2b659b9fa77c.extra_data.json,+OWbbAvnWG,0,com.sec.android.app.shealth,0,-1,35cc8578-5e6a-4828-8252-2b659b9fa77c,1662768000000,
969121,90,0,2022-09-19 04:01:07.008,2022-09-18 04:00:00.389,-1,60000,17,1123.7902,101.19,afccfbb6-9f91-41c1-8711-1a82024c903c.extra_data.json,+OWbbAvnWG,0,com.sec.android.app.shealth,969121,27960000,afccfbb6-9f91-41c1-8711-1a82024c903c,1663459200000,
3122326,90,0,2022-09-26 03:59:36.349,2022-09-25 04:02:59.240,-1,616556,56,3753.343,366.82422,d43410ae-3623-4884-af96-036bfe3c078d.extra_data.json,+OWbbAvnWG,24200,com.sec.android.app.shealth,3098126,34260000,d43410ae-3623-4884-af96-036bfe3c078d,1664064000000,
942471,90,0,2022-09-17 03:41:59.923,2022-09-16 04:00:02.081,-1,60000,16,1029.1901,53.54001,f34a02ad-a55c-4a23-9755-26fe3a50e9e0.extra_data.json,+OWbbAvnWG,0,com.sec.android.app.shealth,942471,20640000,f34a02ad-a55c-4a23-9755-26fe3a50e9e0,1663286400000,
8761222,90,2024617,2022-10-03 03:35:06.812,2022-10-02 04:00:01.357,-1,1294486,161,9427.067,1076.9232,9bd53ef7-8eae-4562-8bad-6e038cb242aa.extra_data.json,+OWbbAvnWG,20247,com.sec.android.app.shealth,6716358,34620000,9bd53ef7-8eae-4562-8bad-6e038cb242aa,1664668800000,
4326077,90,0,2022-10-16 03:50:21.903,2022-10-15 04:00:01.150,-1,420000,78,5373.4316,472.2406,24e6178e-d978-4725-875a-79fc46021b8e.extra_data.json,+OWbbAvnWG,10400,com.sec.android.app.shealth,4315677,28680000,24e6178e-d978-4725-875a-79fc46021b8e,1665792000000,
8307156,90,0,2022-09-25 00:50:47.163,2022-09-24 04:00:00.480,-1,2646919,153,9345.272,1120.3776,35b4e8e3-38a2-4ce1-b2fd-eb48d3fe1dc5.extra_data.json,+OWbbAvnWG,12273,com.sec.android.app.shealth,8294883,27600000,35b4e8e3-38a2-4ce1-b2fd-eb48d3fe1dc5,1663977600000,
5178321,90,0,2022-09-18 02:54:19.650,2022-09-17 04:00:00.567,-1,480000,95,5796.5903,488.96,dca99f65-1f3f-412b-8dca-903b4c63c7bd.extra_data.json,+OWbbAvnWG,1600,com.sec.android.app.shealth,5176721,30660000,dca99f65-1f3f-412b-8dca-903b4c63c7bd,1663372800000,
6101437,90,0,2022-10-02 04:07:34.199,2022-10-01 04:00:00.730,-1,1581901,112,7278.2295,737.5912,704917a6-680c-49b7-816c-ff9639554758.extra_data.json,+OWbbAvnWG,11600,com.sec.android.app.shealth,6089837,33120000,704917a6-680c-49b7-816c-ff9639554758,1664582400000,
2739497,90,0,2022-09-23 04:06:29.089,2022-09-22 04:20:05.489,-1,48024,50,3126.7344,284.45975,17d59ec2-0faa-40a7-81ea-0fd733f54726.extra_data.json,+OWbbAvnWG,10800,com.sec.android.app.shealth,2728697,20580000,17d59ec2-0faa-40a7-81ea-0fd733f54726,1663804800000,
2131946,90,0,2022-10-22 01:53:47.188,2022-10-21 04:00:00.582,-1,180000,38,2629.4863,239.99835,4a7f8ad6-5b89-4d1c-8f37-7e9741e0f8d9.extra_data.json,+OWbbAvnWG,12400,com.sec.android.app.shealth,2119546,27120000,4a7f8ad6-5b89-4d1c-8f37-7e9741e0f8d9,1666310400000,
2334373,90,0,2022-10-09 01:02:02.295,2022-10-08 04:00:00.623,-1,240000,42,2913.2202,248.78833,bd99bcff-14d1-4045-90c8-981447e70026.extra_data.json,+OWbbAvnWG,14000,com.sec.android.app.shealth,2320373,47880000,bd99bcff-14d1-4045-90c8-981447e70026,1665187200000,
3997335,90,0,2022-10-01 00:35:29.139,2022-09-30 04:00:02.046,-1,994565,73,4775.5474,488.9313,c11a1e00-3f91-453a-9ee9-7beafe8bc537.extra_data.json,+OWbbAvnWG,14400,com.sec.android.app.shealth,3982935,19380000,c11a1e00-3f91-453a-9ee9-7beafe8bc537,1664496000000,
1691078,90,0,2022-10-08 17:21:54.561,2022-10-07 04:00:00.483,-1,60000,31,2065.0383,181.52863,de2b1e5b-b7ec-4ed7-b8c4-4c15ca4d7a5a.extra_data.json,+OWbbAvnWG,7600,com.sec.android.app.shealth,1683478,34380000,de2b1e5b-b7ec-4ed7-b8c4-4c15ca4d7a5a,1665100800000,
3163097,90,0,2022-09-24 04:21:15.419,2022-09-23 04:00:00.516,-1,60000,56,3768.6611,349.41995,9f35131d-913c-4320-b2bb-73ee2a814bee.extra_data.json,+OWbbAvnWG,107600,com.sec.android.app.shealth,3055497,41040000,9f35131d-913c-4320-b2bb-73ee2a814bee,1663891200000,
2537344,90,0,2022-10-28 01:59:41.188,2022-10-27 04:01:01.842,-1,240000,45,3191.9846,281.12006,1ab59c9b-0dc0-4725-af1a-e7a4c21ef4d3.extra_data.json,+OWbbAvnWG,21600,com.sec.android.app.shealth,2515744,17640000,1ab59c9b-0dc0-4725-af1a-e7a4c21ef4d3,1666828800000,
1108818,90,0,2022-10-15 00:55:01.976,2022-10-14 04:00:02.195,-1,60000,20,1359.9701,118.29999,3b69621c-0f3e-4649-9341-2e143f06002f.extra_data.json,+OWbbAvnWG,5600,com.sec.android.app.shealth,1103218,28740000,3b69621c-0f3e-4649-9341-2e143f06002f,1665705600000,
7819514,90,0,2022-10-07 04:45:22.432,2022-10-06 04:00:01.147,-1,1685006,143,9464.345,1071.7196,f4dca9b9-1cec-40e8-9413-6afbf06f0c54.extra_data.json,+OWbbAvnWG,44769,com.sec.android.app.shealth,7774745,33900000,f4dca9b9-1cec-40e8-9413-6afbf06f0c54,1665014400000,
1745136,90,0,2022-09-29 03:17:24.521,2022-09-28 04:18:40.846,-1,44689,31,2122.7524,187.90985,b62def03-d13c-4275-8576-e6b309f53922.extra_data.json,+OWbbAvnWG,5600,com.sec.android.app.shealth,1739536,28620000,b62def03-d13c-4275-8576-e6b309f53922,1664323200000,
3689567,90,0,2022-10-14 03:15:02.689,2022-10-13 04:00:01.738,-1,2244911,67,4485.943,638.2046,cf99a2b1-1b1a-483b-ad47-ad8f50f6ed9e.extra_data.json,+OWbbAvnWG,3600,com.sec.android.app.shealth,3685967,26460000,cf99a2b1-1b1a-483b-ad47-ad8f50f6ed9e,1665619200000,
1961239,90,0,2022-10-21 03:57:33.105,2022-10-20 04:00:00.706,-1,60000,35,2420.2805,214.7789,46155c07-febe-4407-bd39-4f1eb99d4f11.extra_data.json,+OWbbAvnWG,15600,com.sec.android.app.shealth,1945639,22380000,46155c07-febe-4407-bd39-4f1eb99d4f11,1666224000000,
2789626,90,0,2022-09-30 03:48:11.023,2022-09-29 04:00:01.457,-1,60000,51,3368.7437,300.47977,9fb8336b-358e-4067-87c9-0647044fb014.extra_data.json,+OWbbAvnWG,9600,com.sec.android.app.shealth,2780026,14760000,9fb8336b-358e-4067-87c9-0647044fb014,1664409600000,
2616745,90,0,2022-11-03 03:35:02.244,2022-11-02 04:00:01.613,-1,665244,47,3146.1226,330.93854,16677a1c-0d8c-4248-9ab9-23b117efd1a8.extra_data.json,+OWbbAvnWG,30800,com.sec.android.app.shealth,2585945,29760000,16677a1c-0d8c-4248-9ab9-23b117efd1a8,1667347200000,
1764214,90,0,2022-10-05 03:36:17.128,2022-10-04 04:00:00.535,-1,44689,32,2120.8035,186.52023,2f74f1da-a4c4-42cc-b17d-178efbcf0e54.extra_data.json,+OWbbAvnWG,2000,com.sec.android.app.shealth,1762214,42900000,2f74f1da-a4c4-42cc-b17d-178efbcf0e54,1664841600000,
1508349,90,0,2022-10-20 04:00:00.884,2022-10-19 04:00:00.654,-1,38686,26,1881.8223,161.33846,35d588d9-9bce-4a10-a7c4-b5fe40ab109a.extra_data.json,+OWbbAvnWG,9600,com.sec.android.app.shealth,1498749,36000000,35d588d9-9bce-4a10-a7c4-b5fe40ab109a,1666137600000,
2651274,90,0,2022-10-13 14:52:10.255,2022-10-12 04:00:00.842,-1,180000,47,3258.0269,285.81094,98ab611c-b6f4-466f-805d-077c81f5053e.extra_data.json,+OWbbAvnWG,13026,com.sec.android.app.shealth,2638248,33540000,98ab611c-b6f4-466f-805d-077c81f5053e,1665532800000,
3266944,90,0,2022-10-06 06:15:05.798,2022-10-05 04:00:01.547,-1,952204,60,3963.871,398.39377,5fa6d66f-69ee-43bc-8f2c-9bb329aa33d8.extra_data.json,+OWbbAvnWG,12928,com.sec.android.app.shealth,3254016,39000000,5fa6d66f-69ee-43bc-8f2c-9bb329aa33d8,1664928000000,
1305640,90,0,2022-10-11 01:56:02.460,2022-10-10 04:00:00.871,-1,240000,23,1614.3186,145.817,09d55e09-98c6-414b-9484-c979064427c9.extra_data.json,+OWbbAvnWG,5200,com.sec.android.app.shealth,1300440,34980000,09d55e09-98c6-414b-9484-c979064427c9,1665360000000,
658329,90,0,2022-10-27 15:27:14.790,2022-10-26 04:00:00.682,-1,35351,11,767.1701,67.21,373d7b6e-4a6a-4660-a92a-aa0a40248e94.extra_data.json,+OWbbAvnWG,0,com.sec.android.app.shealth,658329,24780000,373d7b6e-4a6a-4660-a92a-aa0a40248e94,1666742400000,
1872665,90,0,2022-11-09 02:36:00.887,2022-11-08 05:27:44.402,-1,44022,34,2332.0686,200.97023,594ab65b-3c2c-4ef1-b243-0dbaa7a1d891.extra_data.json,+OWbbAvnWG,8400,com.sec.android.app.shealth,1864265,25320000,594ab65b-3c2c-4ef1-b243-0dbaa7a1d891,1667865600000,
2979488,90,0,2022-10-19 02:35:02.288,2022-10-18 04:00:01.807,-1,240000,53,3844.8936,358.13742,cef02271-0799-4201-99e0-84ce89476944.extra_data.json,+OWbbAvnWG,165105,com.sec.android.app.shealth,2814383,33720000,cef02271-0799-4201-99e0-84ce89476944,1666051200000,
1975250,90,0,2022-10-12 04:23:06.371,2022-10-11 04:00:00.677,-1,60000,35,2404.1853,208.0567,bd230e6f-ef90-4cf9-b33d-13e06482e06c.extra_data.json,+OWbbAvnWG,7600,com.sec.android.app.shealth,1967650,31500000,bd230e6f-ef90-4cf9-b33d-13e06482e06c,1665446400000,
4077677,90,0,2022-10-26 20:10:10.853,2022-10-25 04:00:00.841,-1,847688,74,4905.473,484.08942,094b2b14-6746-4d94-88be-91225d1925f5.extra_data.json,+OWbbAvnWG,11600,com.sec.android.app.shealth,4066077,31320000,094b2b14-6746-4d94-88be-91225d1925f5,1666656000000,
2478092,90,0,2022-10-17 14:21:41.133,2022-10-16 04:00:00.780,-1,180000,45,3085.11,271.60013,5156b60a-946d-494d-98fd-d6547b342cb3.extra_data.json,+OWbbAvnWG,7375,com.sec.android.app.shealth,2470717,26640000,5156b60a-946d-494d-98fd-d6547b342cb3,1665878400000,
2961061,90,0,2022-11-15 03:50:00.443,2022-11-14 05:00:01.359,-1,1103906,54,3689.246,375.12006,e545c283-e8fe-422b-aad5-5460a2e68767.extra_data.json,+OWbbAvnWG,8769,com.sec.android.app.shealth,2952292,23580000,e545c283-e8fe-422b-aad5-5460a2e68767,1668384000000,
447557,90,0,2022-11-02 03:55:01.909,2022-11-01 04:00:01.325,-1,32016,7,511.05008,46.460003,954c44d5-fa0e-4941-9679-18b1295ccbbd.extra_data.json,+OWbbAvnWG,0,com.sec.android.app.shealth,447557,24480000,954c44d5-fa0e-4941-9679-18b1295ccbbd,1667260800000,
579623,90,0,2022-10-25 03:48:01.757,2022-10-24 04:14:49.515,-1,24679,10,664.73,59.12,448a41b5-faa3-46e0-ab38-a7d5323160d6.extra_data.json,+OWbbAvnWG,0,com.sec.android.app.shealth,579623,32640000,448a41b5-faa3-46e0-ab38-a7d5323160d6,1666569600000,
831749,90,0,2022-10-18 04:41:10.344,2022-10-17 04:00:01.606,-1,34017,14,968.3502,85.05004,7f19c2a7-0923-4b10-b6fe-8cb930f60bd6.extra_data.json,+OWbbAvnWG,0,com.sec.android.app.shealth,831749,34080000,7f19c2a7-0923-4b10-b6fe-8cb930f60bd6,1665964800000,
3006883,90,0,2022-11-01 03:37:19.372,2022-10-31 04:10:10.173,-1,866507,55,3469.4045,359.01642,ae5acb91-369c-4ce9-a12a-2ea53bee3276.extra_data.json,+OWbbAvnWG,2781,com.sec.android.app.shealth,3004102,28440000,ae5acb91-369c-4ce9-a12a-2ea53bee3276,1667174400000,
560812,90,0,2022-11-21 04:58:30.240,2022-11-20 05:00:00.518,-1,48556,10,678.91003,60.719997,fd44f567-87f9-4ad4-b51e-78fd7743f0e6.extra_data.json,+OWbbAvnWG,3200,com.sec.android.app.shealth,557612,29760000,fd44f567-87f9-4ad4-b51e-78fd7743f0e6,1668902400000,
938602,90,0,2022-11-08 04:15:15.137,2022-11-07 05:00:01.270,-1,35351,16,1107.6201,96.38001,3604063c-464b-441b-8ecf-6994b31e70f8.extra_data.json,+OWbbAvnWG,800,com.sec.android.app.shealth,937802,43980000,3604063c-464b-441b-8ecf-6994b31e70f8,1667779200000,
2697211,90,0,2022-10-24 04:31:45.881,2022-10-23 04:00:01.708,-1,300000,48,3190.162,330.55847,63cbbcad-f915-44a1-9eb0-aca234250f3d.extra_data.json,+OWbbAvnWG,800,com.sec.android.app.shealth,2696411,20220000,63cbbcad-f915-44a1-9eb0-aca234250f3d,1666483200000,
1121493,90,0,2022-10-23 03:31:25.448,2022-10-22 04:00:01.861,-1,43488,20,1345.7004,119.04939,a103bcfd-9f21-4fbe-af43-107d467cae7a.extra_data.json,+OWbbAvnWG,1600,com.sec.android.app.shealth,1119893,16620000,a103bcfd-9f21-4fbe-af43-107d467cae7a,1666396800000,
4345247,90,0,2022-10-31 03:15:43.589,2022-10-30 04:00:01.107,-1,1083119,80,5236.339,548.3866,e8b7e88d-d655-498b-93f4-6be633ad36e5.extra_data.json,+OWbbAvnWG,8000,com.sec.android.app.shealth,4337247,25620000,e8b7e88d-d655-498b-93f4-6be633ad36e5,1667088000000,
2532535,90,0,2022-11-07 03:09:51.956,2022-11-06 04:00:01.690,-1,895944,46,2555.9707,328.08517,b243d784-1220-4638-a762-6c2973431d18.extra_data.json,+OWbbAvnWG,3859,com.sec.android.app.shealth,2528676,38700000,b243d784-1220-4638-a762-6c2973431d18,1667692800000,
450225,90,0,2022-11-27 01:08:04.907,2022-11-26 05:00:00.368,-1,30015,7,523.43994,45.949997,9060e1b4-471a-438a-aa5e-97881ad93cc0.extra_data.json,+OWbbAvnWG,0,com.sec.android.app.shealth,450225,40140000,9060e1b4-471a-438a-aa5e-97881ad93cc0,1669420800000,
4624250,90,0,2022-10-30 00:17:40.681,2022-10-29 04:00:00.587,-1,648059,84,5575.77,553.2815,4b6e09e7-d61c-4004-96a0-1ba3144da5aa.extra_data.json,+OWbbAvnWG,9466,com.sec.android.app.shealth,4614784,25020000,4b6e09e7-d61c-4004-96a0-1ba3144da5aa,1667001600000,
4629373,90,0,2022-11-06 00:23:28.429,2022-11-05 05:34:16.101,-1,1907145,85,5244.171,600.2644,7c77c171-dd8d-46c3-9dd8-c3def593fae8.extra_data.json,+OWbbAvnWG,1200,com.sec.android.app.shealth,4628173,34740000,7c77c171-dd8d-46c3-9dd8-c3def593fae8,1667606400000,
4136087,90,0,2022-11-14 04:23:15.237,2022-11-13 05:50:47.431,-1,2015629,75,4717.261,541.0597,b3c3aeaf-34f2-43fa-9957-9afbff3fc201.extra_data.json,+OWbbAvnWG,0,com.sec.android.app.shealth,4136087,32880000,b3c3aeaf-34f2-43fa-9957-9afbff3fc201,1668297600000,
3226597,90,0,2022-11-13 03:15:02.284,2022-11-12 05:00:01.080,-1,480000,58,3846.7708,355.04977,30a211be-fe3f-4352-aac5-7e37e575adce.extra_data.json,+OWbbAvnWG,4800,com.sec.android.app.shealth,3221797,22260000,30a211be-fe3f-4352-aac5-7e37e575adce,1668211200000,
1128933,90,0,2022-12-03 05:05:09.878,2022-12-02 05:00:01.545,-1,60000,20,1357.5822,119.48998,00a50cbf-2374-4ce1-bce0-afacfdb9f66c.extra_data.json,+OWbbAvnWG,2400,com.sec.android.app.shealth,1126533,30480000,00a50cbf-2374-4ce1-bce0-afacfdb9f66c,1669939200000,
778389,90,0,2022-11-05 03:35:02.422,2022-11-04 04:00:00.899,-1,47357,13,893.3301,81.52999,40df3a23-900e-47fc-b9c6-b86314e96099.extra_data.json,+OWbbAvnWG,0,com.sec.android.app.shealth,778389,36240000,40df3a23-900e-47fc-b9c6-b86314e96099,1667520000000,
4031353,90,0,2022-11-12 04:57:17.021,2022-11-11 05:00:00.551,-1,986435,74,4558.278,502.2597,6e99a6f4-d3a9-4858-945f-cfd26c907fe7.extra_data.json,+OWbbAvnWG,6000,com.sec.android.app.shealth,4025353,30060000,6e99a6f4-d3a9-4858-945f-cfd26c907fe7,1668124800000,
768784,90,0,2022-11-20 02:15:01.311,2022-11-19 05:21:01.828,-1,52026,13,879.76,84.04001,9ffc926d-7817-40c2-8451-75f8f46339ad.extra_data.json,+OWbbAvnWG,400,com.sec.android.app.shealth,768384,36780000,9ffc926d-7817-40c2-8451-75f8f46339ad,1668816000000,
379256,90,0,2022-10-28 23:32:19.676,2022-10-28 04:00:01.674,-1,22678,6,448.63995,39.499996,b91939e9-f13d-4c81-a1e6-2eab9005163b.extra_data.json,+OWbbAvnWG,400,com.sec.android.app.shealth,378856,29160000,b91939e9-f13d-4c81-a1e6-2eab9005163b,1666915200000,
3608581,90,0,2022-11-19 02:15:06.221,2022-11-18 05:00:00.677,-1,893931,65,3873.1406,460.77975,de61d6aa-04f7-4e96-a093-d0c61984459d.extra_data.json,+OWbbAvnWG,12400,com.sec.android.app.shealth,3596181,30000000,de61d6aa-04f7-4e96-a093-d0c61984459d,1668729600000,
611639,90,0,2022-12-09 04:28:37.750,2022-12-08 05:00:01.250,-1,37352,11,714.48004,61.87,a3a9cf19-2abe-4cbb-9f16-d6ef0a900629.extra_data.json,+OWbbAvnWG,0,com.sec.android.app.shealth,611639,13380000,a3a9cf19-2abe-4cbb-9f16-d6ef0a900629,1670457600000,
323495,90,0,2022-11-11 01:48:40.006,2022-11-10 05:00:01.895,-1,25346,5,375.44003,32.719994,f75494cf-1671-4ccb-a164-622c8f0ecaa2.extra_data.json,+OWbbAvnWG,0,com.sec.android.app.shealth,323495,19380000,f75494cf-1671-4ccb-a164-622c8f0ecaa2,1668038400000,
3166432,90,0,2022-11-26 21:40:26.926,2022-11-25 05:06:39.023,-1,883653,57,3567.9573,403.85876,197edd46-2747-4cec-9a53-f70f01bcdc88.extra_data.json,+OWbbAvnWG,4000,com.sec.android.app.shealth,3162432,34320000,197edd46-2747-4cec-9a53-f70f01bcdc88,1669334400000,
4401818,90,0,2022-11-04 03:55:23.120,2022-11-03 04:00:00.428,-1,1089177,81,5521.509,520.1455,4685bade-159d-4c83-ae6a-a729418f9d81.extra_data.json,+OWbbAvnWG,7813,com.sec.android.app.shealth,4394005,30180000,4685bade-159d-4c83-ae6a-a729418f9d81,1667433600000,
4395830,90,0,2022-11-18 03:54:07.891,2022-11-17 05:00:02.353,-1,743120,80,5348.145,498.0915,0625ce1b-3da6-4448-b368-f8108fc1abd3.extra_data.json,+OWbbAvnWG,16000,com.sec.android.app.shealth,4379830,26340000,0625ce1b-3da6-4448-b368-f8108fc1abd3,1668643200000,
2461140,90,0,2022-11-25 07:01:14.092,2022-11-24 05:00:06.853,-1,120000,45,2873.651,257.52,31406026-f4a8-4034-8998-19d5d69ac5a8.extra_data.json,+OWbbAvnWG,0,com.sec.android.app.shealth,2461140,25860000,31406026-f4a8-4034-8998-19d5d69ac5a8,1669248000000,
273470,90,0,2022-12-15 04:56:01.501,2022-12-14 05:00:01.976,-1,51359,4,313.68997,27.689997,720f599e-f61d-4bdc-8e28-c81037056bac.extra_data.json,+OWbbAvnWG,0,com.sec.android.app.shealth,273470,23340000,720f599e-f61d-4bdc-8e28-c81037056bac,1670976000000,
1614005,90,0,2022-11-17 04:55:02.496,2022-11-16 05:00:01.976,-1,60000,28,2000.7307,170.95998,91338cd8-5ff4-441a-98ca-a63453f66f02.extra_data.json,+OWbbAvnWG,3200,com.sec.android.app.shealth,1610805,26040000,91338cd8-5ff4-441a-98ca-a63453f66f02,1668556800000,
4758136,90,0,2022-11-10 04:36:01.150,2022-11-09 05:07:10.940,-1,1297094,87,5471.806,557.24786,8f1cfdc7-ea93-441e-bf31-9e9fb83574f7.extra_data.json,+OWbbAvnWG,12988,com.sec.android.app.shealth,4745148,24600000,8f1cfdc7-ea93-441e-bf31-9e9fb83574f7,1667952000000,
1261297,90,0,2022-11-24 04:58:42.656,2022-11-23 05:00:01.273,-1,40020,23,1448.1498,129.48999,3781f4ee-cafb-4044-8161-3873097affd8.extra_data.json,+OWbbAvnWG,0,com.sec.android.app.shealth,1261297,35460000,3781f4ee-cafb-4044-8161-3873097affd8,1669161600000,
409538,90,0,2022-12-01 03:16:02.486,2022-11-30 05:06:01.490,-1,37352,6,473.02,41.479996,ae5a221d-37b2-4978-ab48-31c595124c68.extra_data.json,+OWbbAvnWG,0,com.sec.android.app.shealth,409538,35040000,ae5a221d-37b2-4978-ab48-31c595124c68,1669766400000,
1166714,90,0,2022-12-02 04:30:47.416,2022-12-01 05:00:00.355,-1,52693,21,1459.7189,124.68036,90f07343-2be0-4086-9732-e3fa2740c325.extra_data.json,+OWbbAvnWG,4800,com.sec.android.app.shealth,1161914,27360000,90f07343-2be0-4086-9732-e3fa2740c325,1669852800000,
641654,90,0,2022-12-21 05:00:02.290,2022-12-20 05:00:00.457,-1,31349,11,742.89996,65.39001,c57b331f-3110-47fd-9789-7865ecf2e816.extra_data.json,+OWbbAvnWG,0,com.sec.android.app.shealth,641654,15780000,c57b331f-3110-47fd-9789-7865ecf2e816,1671494400000,
4581232,90,0,2022-11-30 04:48:20.606,2022-11-29 05:39:59.872,-1,1439716,84,5676.048,557.8909,d9ec9586-eb83-4c66-92ef-22367fbd21f0.extra_data.json,+OWbbAvnWG,8000,com.sec.android.app.shealth,4573232,26760000,d9ec9586-eb83-4c66-92ef-22367fbd21f0,1669680000000,
2947394,90,0,2022-11-23 18:27:36.817,2022-11-22 05:00:03.816,-1,180000,54,3642.7983,318.57986,f3521ba2-16bd-4296-b3b6-4ae1e13b8c7f.extra_data.json,+OWbbAvnWG,4800,com.sec.android.app.shealth,2942594,16980000,f3521ba2-16bd-4296-b3b6-4ae1e13b8c7f,1669075200000,
714623,90,0,2022-12-08 01:04:04.848,2022-12-07 05:00:00.405,-1,34684,12,846.16003,74.04999,44090e5a-21ba-4e40-9a77-cecba08ff19a.extra_data.json,+OWbbAvnWG,1600,com.sec.android.app.shealth,713023,23160000,44090e5a-21ba-4e40-9a77-cecba08ff19a,1670371200000,
756378,90,0,2022-12-07 03:24:23.428,2022-12-06 05:00:00.471,-1,48691,13,878.8602,77.89,5f7c45b8-e1a9-4fbc-beda-f388b19b320d.extra_data.json,+OWbbAvnWG,0,com.sec.android.app.shealth,756378,29520000,5f7c45b8-e1a9-4fbc-beda-f388b19b320d,1670284800000,
567617,90,0,2022-11-16 04:35:01.998,2022-11-15 05:00:00.457,-1,38019,10,656.8601,58.239998,cdcbbbeb-3cf9-4526-8a77-8fb477b2cbea.extra_data.json,+OWbbAvnWG,0,com.sec.android.app.shealth,567617,25080000,cdcbbbeb-3cf9-4526-8a77-8fb477b2cbea,1668470400000,
3755063,90,0,2022-12-27 03:55:36.212,2022-12-26 05:00:00.348,-1,754039,68,4393.188,456.77417,e535149f-81c4-41f2-97f1-0a333484ad19.extra_data.json,+OWbbAvnWG,2000,com.sec.android.app.shealth,3753063,45240000,e535149f-81c4-41f2-97f1-0a333484ad19,1672012800000,
4083387,90,0,2022-12-06 05:45:06.638,2022-12-05 05:33:18.842,-1,1260440,74,4606.679,515.7337,aa61c89c-3b3f-4f36-a96b-a6790d1f848a.extra_data.json,+OWbbAvnWG,20090,com.sec.android.app.shealth,4063297,34380000,aa61c89c-3b3f-4f36-a96b-a6790d1f848a,1670198400000,
811739,90,0,2022-12-14 17:38:20.493,2022-12-13 05:00:01.820,-1,39353,14,995.4301,84.640015,f6f01207-7005-4c83-94ab-cf2d105308d1.extra_data.json,+OWbbAvnWG,0,com.sec.android.app.shealth,811739,29700000,f6f01207-7005-4c83-94ab-cf2d105308d1,1670889600000,
2265634,90,0,2022-11-22 14:52:45.157,2022-11-21 05:00:00.318,-1,60000,41,2737.3638,236.9303,b336f2bc-a51d-48bb-9ee7-57b417a2fdf1.extra_data.json,+OWbbAvnWG,3200,com.sec.android.app.shealth,2262434,35940000,b336f2bc-a51d-48bb-9ee7-57b417a2fdf1,1668988800000,
4512584,90,0,2022-12-13 03:33:58.984,2022-12-12 05:00:00.940,-1,1067247,83,5105.8765,599.67664,d0f53493-1f13-4fda-9a4b-fbfa05c28626.extra_data.json,+OWbbAvnWG,6703,com.sec.android.app.shealth,4505881,23160000,d0f53493-1f13-4fda-9a4b-fbfa05c28626,1670803200000,
638986,90,0,2022-11-29 04:36:02.347,2022-11-28 05:39:45.266,-1,42021,11,737.76,65.0,a95e1c8d-3ad9-47d0-b35b-34a112919ef6.extra_data.json,+OWbbAvnWG,0,com.sec.android.app.shealth,638986,37260000,a95e1c8d-3ad9-47d0-b35b-34a112919ef6,1669593600000,
803066,90,0,2023-01-02 06:54:44.475,2023-01-01 05:03:49.416,-1,50692,14,995.74005,86.03,cde03c13-0d7c-469a-888e-f97749b74023.extra_data.json,+OWbbAvnWG,4000,com.sec.android.app.shealth,799066,22260000,cde03c13-0d7c-469a-888e-f97749b74023,1672531200000,
1145209,90,0,2023-01-08 00:54:10.716,2023-01-07 05:00:01.606,-1,60000,21,1321.4801,116.920006,0031d1e8-f985-4d82-b446-f8fb918aede9.extra_data.json,+OWbbAvnWG,0,com.sec.android.app.shealth,1145209,36240000,0031d1e8-f985-4d82-b446-f8fb918aede9,1673049600000,
1127496,90,0,2022-12-12 03:19:11.032,2022-12-11 05:18:58.421,-1,40687,20,1379.721,119.13013,a13c33a7-728b-454d-85fa-b885d91ae569.extra_data.json,+OWbbAvnWG,1600,com.sec.android.app.shealth,1125896,35940000,a13c33a7-728b-454d-85fa-b885d91ae569,1670716800000,
1003824,90,0,2022-12-19 19:55:52.360,2022-12-18 05:00:00.496,-1,48024,17,1282.5992,114.25008,2052d7da-ca72-46db-9f01-77b70fc4adcb.extra_data.json,+OWbbAvnWG,22000,com.sec.android.app.shealth,981824,31800000,2052d7da-ca72-46db-9f01-77b70fc4adcb,1671321600000,
1449524,90,0,2022-12-20 10:35:43.238,2022-12-19 05:00:00.495,-1,43355,26,1719.6199,152.39998,d1f2b890-3520-4f74-8888-d6d40fa6a68f.extra_data.json,+OWbbAvnWG,800,com.sec.android.app.shealth,1448724,31080000,d1f2b890-3520-4f74-8888-d6d40fa6a68f,1671408000000,
1102815,90,0,2022-12-04 05:48:30.130,2022-12-04 05:48:30.130,-1,50692,20,1284.3899,117.52998,f0f67bc4-c287-4f2f-b15f-f8682f547413.extra_data.json,+OWbbAvnWG,5600,com.sec.android.app.shealth,1097215,26580000,f0f67bc4-c287-4f2f-b15f-f8682f547413,1670025600000,
4500820,90,0,2022-12-25 19:08:33.307,2022-12-24 05:00:00.899,-1,60000,82,5725.09,514.1902,3dc8d4eb-0b49-4e47-bf23-aa12e831c90e.extra_data.json,+OWbbAvnWG,72296,com.sec.android.app.shealth,4428524,31920000,3dc8d4eb-0b49-4e47-bf23-aa12e831c90e,1671840000000,
1151775,90,0,2022-12-18 02:10:31.981,2022-12-17 05:00:00.690,-1,52026,21,1376.3596,122.96003,c97324b7-68b4-4654-86e6-8707c5a9a0c0.extra_data.json,+OWbbAvnWG,1200,com.sec.android.app.shealth,1150575,17100000,c97324b7-68b4-4654-86e6-8707c5a9a0c0,1671235200000,
1359970,90,0,2022-11-28 01:25:02.640,2022-11-27 06:34:27.512,-1,776877,24,1411.5984,176.03038,d20cfa4d-d67e-4a58-b7d0-bd316e1780d9.extra_data.json,+OWbbAvnWG,0,com.sec.android.app.shealth,1359970,34560000,d20cfa4d-d67e-4a58-b7d0-bd316e1780d9,1669507200000,
815874,90,0,2023-01-14 04:55:33.560,2023-01-13 05:00:00.817,-1,36818,14,995.5956,84.430534,fd2de6ab-a225-4cc7-973f-412831ef2b9b.extra_data.json,+OWbbAvnWG,800,com.sec.android.app.shealth,815074,40080000,fd2de6ab-a225-4cc7-973f-412831ef2b9b,1673568000000,
398464,90,0,2022-12-31 03:27:33.673,2022-12-30 05:00:00.551,-1,41354,6,472.77002,41.31,e5673061-1d6b-4cdc-b111-8d275c66a15c.extra_data.json,+OWbbAvnWG,3600,com.sec.android.app.shealth,394864,26640000,e5673061-1d6b-4cdc-b111-8d275c66a15c,1672358400000,
2441402,90,0,2022-12-11 03:35:01.269,2022-12-10 05:35:26.548,-1,480000,44,3077.2515,274.86014,c8e16044-c8d5-4f7c-9285-25e9a9ba719a.extra_data.json,+OWbbAvnWG,10000,com.sec.android.app.shealth,2431402,35340000,c8e16044-c8d5-4f7c-9285-25e9a9ba719a,1670630400000,
3416248,90,0,2022-12-24 04:29:23.688,2022-12-23 05:00:01.688,-1,300000,62,4297.6416,380.95026,15d6a734-3094-4dc2-8b69-eacb3c100d27.extra_data.json,+OWbbAvnWG,14303,com.sec.android.app.shealth,3401945,37680000,15d6a734-3094-4dc2-8b69-eacb3c100d27,1671753600000,
1014504,90,0,2022-12-26 18:37:37.560,2022-12-25 05:00:00.635,-1,39353,17,1270.0409,108.00994,fc040060-d71d-44b3-b40b-93341c82db07.extra_data.json,+OWbbAvnWG,6000,com.sec.android.app.shealth,1008504,39480000,fc040060-d71d-44b3-b40b-93341c82db07,1671926400000,
4732415,90,0,2023-01-20 14:16:16.280,2023-01-19 05:00:00.832,-1,240000,86,5768.6484,512.07166,bd7fba17-384d-480b-9c28-f87fff7a088b.extra_data.json,+OWbbAvnWG,7200,com.sec.android.app.shealth,4725215,24360000,bd7fba17-384d-480b-9c28-f87fff7a088b,1674086400000,
1426443,90,0,2022-12-17 13:52:09.831,2022-12-16 05:00:00.768,-1,180000,25,1765.8201,161.64003,403e3146-195a-491b-8fdb-49757bf70b22.extra_data.json,+OWbbAvnWG,0,com.sec.android.app.shealth,1426443,18540000,403e3146-195a-491b-8fdb-49757bf70b22,1671148800000,
272136,90,0,2023-01-05 22:35:00.837,2023-01-05 05:00:01.059,-1,38686,4,316.25,27.62,d1695a59-303d-419d-b5ec-3efe7772d561.extra_data.json,+OWbbAvnWG,0,com.sec.android.app.shealth,272136,24240000,d1695a59-303d-419d-b5ec-3efe7772d561,1672876800000,
1045321,90,0,2023-01-01 08:32:54.147,2022-12-31 05:00:00.351,-1,47357,18,1245.46,108.69999,e7972a56-c5e6-4fb2-beb0-3e08503793ca.extra_data.json,+OWbbAvnWG,2800,com.sec.android.app.shealth,1042521,19020000,e7972a56-c5e6-4fb2-beb0-3e08503793ca,1672444800000,
1747180,90,0,2022-12-05 19:55:30.166,2022-12-04 05:48:29.908,-1,660000,32,2155.9297,194.61003,12f7cad1-d4be-48a6-b851-9e8ab9d8d9e8.extra_data.json,+OWbbAvnWG,0,com.sec.android.app.shealth,1747180,35700000,12f7cad1-d4be-48a6-b851-9e8ab9d8d9e8,1670112000000,
725696,90,0,2022-12-31 16:43:24.579,2022-12-29 05:00:06.394,-1,33350,13,895.4688,75.52962,993b7ad9-f67a-4793-8cd8-ad45500a3951.extra_data.json,+OWbbAvnWG,0,com.sec.android.app.shealth,725696,24000000,993b7ad9-f67a-4793-8cd8-ad45500a3951,1672272000000,
3280656,90,0,2023-01-26 22:52:00.087,2023-01-25 05:20:05.281,-1,120000,60,3859.7402,351.21,4bf6827c-24a1-4adb-86f6-18eed831282a.extra_data.json,+OWbbAvnWG,9993,com.sec.android.app.shealth,3270663,23760000,4bf6827c-24a1-4adb-86f6-18eed831282a,1674604800000,
603499,90,0,2023-01-12 05:40:05.725,2023-01-11 05:00:02.140,-1,36018,10,746.9324,63.99957,2f0071b1-bd54-4eca-b04c-1555a2dda5cb.extra_data.json,+OWbbAvnWG,5200,com.sec.android.app.shealth,598299,18360000,2f0071b1-bd54-4eca-b04c-1555a2dda5cb,1673395200000,
1706155,90,0,2022-12-23 04:38:32.418,2022-12-22 06:56:43.086,-1,60000,31,2078.6394,184.42998,ed4aa2f0-0fbf-40a9-be1d-1cc31e6e44fc.extra_data.json,+OWbbAvnWG,2000,com.sec.android.app.shealth,1704155,41400000,ed4aa2f0-0fbf-40a9-be1d-1cc31e6e44fc,1671667200000,
6824305,90,0,2022-12-10 07:03:53.117,2022-12-09 05:00:01.100,-1,913802,125,7901.5933,877.73505,df761dee-102b-4b95-afd9-f80c5f60732d.extra_data.json,+OWbbAvnWG,1200,com.sec.android.app.shealth,6823105,19860000,df761dee-102b-4b95-afd9-f80c5f60732d,1670544000000,
7105970,90,0,2023-01-07 04:52:18.057,2023-01-06 05:56:30.754,-1,2102310,131,8707.403,916.91907,9eea54d6-b719-45fb-9179-2f53c0970f27.extra_data.json,+OWbbAvnWG,11285,com.sec.android.app.shealth,7094685,23580000,9eea54d6-b719-45fb-9179-2f53c0970f27,1672963200000,
2126336,90,0,2023-02-01 03:55:00.446,2023-01-31 05:00:00.635,-1,60000,38,2573.868,224.43015,ba182732-cb7e-4050-9ecd-c4e5464d799f.extra_data.json,+OWbbAvnWG,0,com.sec.android.app.shealth,2126336,18480000,ba182732-cb7e-4050-9ecd-c4e5464d799f,1675123200000,
2790668,90,0,2023-01-05 04:15:01.062,2023-01-04 05:00:01.984,-1,1082328,51,3495.108,339.55405,d3a59bbc-05e1-4fdc-b1f6-c7ce81baf403.extra_data.json,+OWbbAvnWG,0,com.sec.android.app.shealth,2790668,16800000,d3a59bbc-05e1-4fdc-b1f6-c7ce81baf403,1672790400000,
2209618,90,0,2022-12-16 22:04:45.794,2022-12-15 05:00:00.488,-1,120000,40,2699.97,236.42003,ccdf8e51-30ba-4189-b722-4dba09df1315.extra_data.json,+OWbbAvnWG,6000,com.sec.android.app.shealth,2203618,24120000,ccdf8e51-30ba-4189-b722-4dba09df1315,1671062400000,
4199257,90,0,2023-02-08 04:46:35.087,2023-02-06 05:00:01.340,-1,1086952,76,4827.834,426.18686,20423a7d-7b08-49ce-8ac3-67da1ae43b71.extra_data.json,+OWbbAvnWG,6400,com.sec.android.app.shealth,4192857,16740000,20423a7d-7b08-49ce-8ac3-67da1ae43b71,1675641600000,
3586424,90,0,2023-01-11 21:12:56.282,2023-01-10 05:00:01.000,-1,677759,65,4415.8066,436.35083,0f0058a8-b579-4cb6-93ff-5acd8eaeda44.extra_data.json,+OWbbAvnWG,26195,com.sec.android.app.shealth,3560229,24780000,0f0058a8-b579-4cb6-93ff-5acd8eaeda44,1673308800000,
622978,90,0,2023-01-18 04:05:53.883,2023-01-17 05:00:00.648,-1,48691,11,712.6902,65.659996,d481bd76-6ddd-47c7-bf38-ada7ca05e7f7.extra_data.json,+OWbbAvnWG,0,com.sec.android.app.shealth,622978,14100000,d481bd76-6ddd-47c7-bf38-ada7ca05e7f7,1673913600000,
3940768,90,0,2023-02-13 14:03:49.336,2023-02-12 05:00:00.680,-1,854355,72,4873.9546,384.9968,3dc55a16-0561-4d87-b231-7850e97bac74.extra_data.json,+OWbbAvnWG,6113,com.sec.android.app.shealth,3934655,28800000,3dc55a16-0561-4d87-b231-7850e97bac74,1676160000000,
5449526,90,0,2022-12-22 02:26:59.017,2022-12-21 05:00:02.016,-1,920643,100,6379.945,686.1475,a8375fbf-2f8d-4ff8-af0a-766a252fd5fb.extra_data.json,+OWbbAvnWG,9600,com.sec.android.app.shealth,5439926,38400000,a8375fbf-2f8d-4ff8-af0a-766a252fd5fb,1671580800000,
4390690,90,0,2023-01-13 20:50:28.786,2023-01-12 05:00:01.122,-1,743796,80,5466.2188,516.26447,c6976140-724b-47a3-a420-4f287ae79053.extra_data.json,+OWbbAvnWG,13200,com.sec.android.app.shealth,4377490,27060000,c6976140-724b-47a3-a420-4f287ae79053,1673481600000,
3173057,90,0,2023-01-17 00:57:09.965,2023-01-16 05:00:08.092,-1,120000,57,3952.3508,348.43008,45577559-456f-4271-a71e-39707dc5647e.extra_data.json,+OWbbAvnWG,17600,com.sec.android.app.shealth,3155457,28560000,45577559-456f-4271-a71e-39707dc5647e,1673827200000,
3116373,90,0,2022-12-29 10:14:36.700,2022-12-28 05:00:00.476,-1,817921,56,4030.2546,411.34692,d0499893-095d-4ab6-94fa-dedf0bda374b.extra_data.json,+OWbbAvnWG,7600,com.sec.android.app.shealth,3108773,37860000,d0499893-095d-4ab6-94fa-dedf0bda374b,1672185600000,
5668535,90,0,2023-02-19 03:45:20.119,2023-02-18 05:00:02.515,-1,300000,104,7100.012,516.88855,edf48e6b-05c0-43ac-a333-0ed13e657bf3.extra_data.json,+OWbbAvnWG,24990,com.sec.android.app.shealth,5643545,25620000,edf48e6b-05c0-43ac-a333-0ed13e657bf3,1676678400000,
4279405,90,0,2023-01-24 01:53:05.065,2023-01-23 05:06:55.638,-1,180000,78,4885.38,479.84995,a04f15d2-d159-4bb0-8959-ce4e1ff1ede4.extra_data.json,+OWbbAvnWG,1200,com.sec.android.app.shealth,4278205,43740000,a04f15d2-d159-4bb0-8959-ce4e1ff1ede4,1674432000000,
551609,90,0,2022-12-28 04:35:13.525,2022-12-27 05:00:01.388,-1,30015,10,645.54004,55.710003,5933c322-2cc8-45ec-adb1-151ce5ebaba1.extra_data.json,+OWbbAvnWG,0,com.sec.android.app.shealth,551609,24420000,5933c322-2cc8-45ec-adb1-151ce5ebaba1,1672099200000,
2970440,90,0,2023-01-19 03:55:01.923,2023-01-18 05:00:00.515,-1,180000,54,3678.3574,325.03867,b6954574-c334-4e81-b1e9-a846cb5fa007.extra_data.json,+OWbbAvnWG,13155,com.sec.android.app.shealth,2957285,29820000,b6954574-c334-4e81-b1e9-a846cb5fa007,1674000000000,
6901500,90,0,2023-02-25 06:49:48.601,2023-02-24 05:20:33.339,-1,1645225,126,7112.448,825.0251,095078ab-c5ab-4589-bc4a-820a7dbb163d.extra_data.json,+OWbbAvnWG,34341,com.sec.android.app.shealth,6867159,10200000,095078ab-c5ab-4589-bc4a-820a7dbb163d,1677196800000,
1859312,90,0,2023-01-03 05:50:01.548,2023-01-03 05:50:01.548,-1,120000,33,2235.09,205.61003,cd5fbca2-7318-419f-89e1-ef8b6e3e162d.extra_data.json,+OWbbAvnWG,1933,com.sec.android.app.shealth,1857379,30540000,cd5fbca2-7318-419f-89e1-ef8b6e3e162d,1672617600000,
3215433,90,0,2023-01-30 02:47:39.541,2023-01-29 05:00:01.867,-1,180000,58,3993.2793,356.71008,98076010-aa81-417a-bfe3-3caeb559ab5f.extra_data.json,+OWbbAvnWG,23416,com.sec.android.app.shealth,3192017,35580000,98076010-aa81-417a-bfe3-3caeb559ab5f,1674950400000,
3525786,90,0,2023-01-23 01:50:46.495,2023-01-22 05:00:16.533,-1,180000,64,4186.981,383.35593,b1b5d18c-135f-4f74-af51-ef56cca01945.extra_data.json,+OWbbAvnWG,5600,com.sec.android.app.shealth,3520186,20760000,b1b5d18c-135f-4f74-af51-ef56cca01945,1674345600000,
3170084,90,0,2023-01-25 01:17:49.739,2023-01-24 05:00:04.182,-1,120000,57,3633.9194,337.56006,0e9ce3e1-62d3-4323-acbf-ffa1c849f21b.extra_data.json,+OWbbAvnWG,800,com.sec.android.app.shealth,3169284,25860000,0e9ce3e1-62d3-4323-acbf-ffa1c849f21b,1674518400000,
797065,90,0,2023-01-04 04:55:08.279,2023-01-03 05:50:01.300,-1,51359,14,961.62994,84.66009,dc4c5e27-6051-4a68-b382-893b3d84690b.extra_data.json,+OWbbAvnWG,0,com.sec.android.app.shealth,797065,21900000,dc4c5e27-6051-4a68-b382-893b3d84690b,1672704000000,
4007875,90,0,2023-03-03 14:29:59.550,2023-03-02 05:00:00.760,-1,120000,73,4708.4736,379.26144,3a3e511f-bd1c-4646-a928-594714b65a8a.extra_data.json,+OWbbAvnWG,103189,com.sec.android.app.shealth,3904686,15300000,3a3e511f-bd1c-4646-a928-594714b65a8a,1677715200000,
3252673,90,0,2023-01-29 03:52:20.266,2023-01-28 05:00:02.449,-1,180000,60,4098.1636,355.2503,0ee6b9bf-0d59-44c4-90ba-8807c833f1d9.extra_data.json,+OWbbAvnWG,10854,com.sec.android.app.shealth,3241819,17100000,0ee6b9bf-0d59-44c4-90ba-8807c833f1d9,1674864000000,
3731631,90,0,2023-02-05 02:50:54.287,2023-02-04 05:15:47.266,-1,120000,67,4698.5864,383.69696,f21b6c97-d124-434b-b9c9-05d082edf33a.extra_data.json,+OWbbAvnWG,21200,com.sec.android.app.shealth,3710431,26700000,f21b6c97-d124-434b-b9c9-05d082edf33a,1675468800000,
4475014,90,0,2023-01-31 05:14:32.438,2023-01-30 06:00:03.943,-1,717681,82,5060.1616,505.94757,69a8ba83-8fd7-4175-b180-0f22eb6a6ada.extra_data.json,+OWbbAvnWG,6000,com.sec.android.app.shealth,4469014,22920000,69a8ba83-8fd7-4175-b180-0f22eb6a6ada,1675036800000,
4003202,90,0,2023-03-09 16:14:32.467,2023-03-08 05:00:00.431,-1,815593,73,4466.4546,396.16522,54fcd4cf-86cb-425f-bc7b-ee7ced1e3486.extra_data.json,+OWbbAvnWG,6400,com.sec.android.app.shealth,3996802,17100000,54fcd4cf-86cb-425f-bc7b-ee7ced1e3486,1678233600000,
3298592,90,0,2023-02-04 03:25:59.217,2023-02-03 05:00:00.988,-1,240000,60,3620.489,160.98997,0cefeda7-4870-4b80-b603-20384ecdfc9c.extra_data.json,+OWbbAvnWG,0,com.sec.android.app.shealth,3298592,41040000,0cefeda7-4870-4b80-b603-20384ecdfc9c,1675382400000,
5014736,90,0,2023-01-10 12:32:20.462,2023-01-09 05:00:00.292,-1,845042,91,6066.562,617.6215,3fc9518c-61c7-4c74-a504-f662cc93c7c4.extra_data.json,+OWbbAvnWG,46000,com.sec.android.app.shealth,4968736,27300000,3fc9518c-61c7-4c74-a504-f662cc93c7c4,1673222400000,
2702291,90,0,2023-02-11 14:00:38.814,2023-02-10 05:00:01.472,-1,120000,48,3352.54,260.9004,bc4e08ee-224d-4c9f-81d3-c81bafdc6024.extra_data.json,+OWbbAvnWG,12400,com.sec.android.app.shealth,2689891,19500000,bc4e08ee-224d-4c9f-81d3-c81bafdc6024,1675987200000,
782524,90,0,2023-01-09 04:59:50.180,2023-01-08 05:37:35.199,-1,52026,14,901.94,81.75001,6da995c7-1e03-4d5f-91e0-28d94fb71c79.extra_data.json,+OWbbAvnWG,800,com.sec.android.app.shealth,781724,25980000,6da995c7-1e03-4d5f-91e0-28d94fb71c79,1673136000000,
3110689,90,0,2023-02-06 15:06:01.247,2023-02-05 05:00:00.693,-1,60000,56,3831.5427,282.13837,ab8d8c9e-a780-43de-a25e-be659c444198.extra_data.json,+OWbbAvnWG,11200,com.sec.android.app.shealth,3099489,33420000,ab8d8c9e-a780-43de-a25e-be659c444198,1675555200000,
3681361,90,0,2023-03-15 03:37:51.183,2023-03-14 04:00:00.488,-1,120000,67,4255.108,381.4408,edb174c3-76d2-42f5-81fd-a20a3dddaf59.extra_data.json,+OWbbAvnWG,4400,com.sec.android.app.shealth,3676961,27000000,edb174c3-76d2-42f5-81fd-a20a3dddaf59,1678752000000,
2749524,90,0,2023-01-16 05:01:26.154,2023-01-15 05:00:00.943,-1,669665,50,3168.7625,337.71472,46467f66-1cb8-4ba6-8fdc-1f2018a71ba3.extra_data.json,+OWbbAvnWG,43200,com.sec.android.app.shealth,2706324,41820000,46467f66-1cb8-4ba6-8fdc-1f2018a71ba3,1673740800000,
5040679,90,0,2023-02-17 05:05:58.047,2023-02-16 05:16:45.504,-1,884608,92,5911.162,487.513,aab4aa4a-6e53-4044-a47d-0d71cc3cfd49.extra_data.json,+OWbbAvnWG,6000,com.sec.android.app.shealth,5034679,19140000,aab4aa4a-6e53-4044-a47d-0d71cc3cfd49,1676505600000,
3891552,90,0,2023-02-10 04:56:28.703,2023-02-09 05:00:00.487,-1,120000,71,4561.215,287.01105,b668e0b9-9955-47ed-b2e0-46defbe89c63.extra_data.json,+OWbbAvnWG,12400,com.sec.android.app.shealth,3879152,19740000,b668e0b9-9955-47ed-b2e0-46defbe89c63,1675900800000,
7876797,90,0,2023-02-12 16:43:38.508,2023-02-11 05:00:05.534,-1,300000,144,9822.304,730.6099,8efa47f0-8fea-451d-8a1b-89ec9c32b7c7.extra_data.json,+OWbbAvnWG,39600,com.sec.android.app.shealth,7837197,30840000,8efa47f0-8fea-451d-8a1b-89ec9c32b7c7,1676073600000,
4891262,90,0,2023-01-15 04:56:46.596,2023-01-14 05:00:00.583,-1,660855,90,5563.37,571.79,6836df1a-712f-41b1-b1b1-5ea3ef940aa1.extra_data.json,+OWbbAvnWG,4000,com.sec.android.app.shealth,4887262,30240000,6836df1a-712f-41b1-b1b1-5ea3ef940aa1,1673654400000,
3766689,90,0,2023-03-21 03:58:11.369,2023-03-20 04:00:01.480,-1,480000,68,4348.6396,312.9692,06986454-416c-48b0-ae35-5cfb7474018e.extra_data.json,+OWbbAvnWG,7200,com.sec.android.app.shealth,3759489,20460000,06986454-416c-48b0-ae35-5cfb7474018e,1679270400000,
10933587,90,0,2023-01-22 15:35:30.420,2023-01-21 05:00:01.560,-1,1122571,202,12541.514,1288.2887,15cbf49f-fd8c-4863-88bb-900498334753.extra_data.json,+OWbbAvnWG,9919,com.sec.android.app.shealth,10923668,33360000,15cbf49f-fd8c-4863-88bb-900498334753,1674259200000,
5752414,90,0,2023-02-16 16:31:56.063,2023-02-15 05:00:00.465,-1,1080000,105,6666.412,356.68015,7357a39b-3dab-47af-94ab-218eb0192caf.extra_data.json,+OWbbAvnWG,9200,com.sec.android.app.shealth,5743214,23280000,7357a39b-3dab-47af-94ab-218eb0192caf,1676419200000,
2066102,90,0,2023-02-18 15:05:09.081,2023-02-17 05:00:00.369,-1,180000,37,2564.0417,192.67018,e8e0b2a5-c3f5-4391-9fdc-88924e8dc9cc.extra_data.json,+OWbbAvnWG,21200,com.sec.android.app.shealth,2044902,13500000,e8e0b2a5-c3f5-4391-9fdc-88924e8dc9cc,1676592000000,
4053452,90,0,2023-01-21 14:57:10.940,2023-01-20 05:00:01.409,-1,120000,74,4941.44,439.17883,41f6d42f-905f-4154-99a2-589fb9b1cf3e.extra_data.json,+OWbbAvnWG,14400,com.sec.android.app.shealth,4039052,25260000,41f6d42f-905f-4154-99a2-589fb9b1cf3e,1674172800000,
2689856,90,0,2023-02-24 16:57:09.616,2023-02-22 05:00:00.432,-1,1020000,48,3138.3362,281.621,0e8a9f07-c613-4ab9-9c4e-73a857ae4159.extra_data.json,+OWbbAvnWG,3600,com.sec.android.app.shealth,2686256,22020000,0e8a9f07-c613-4ab9-9c4e-73a857ae4159,1677024000000,
8869445,90,3370893,2023-03-27 06:44:25.688,2023-03-26 04:00:00.580,-1,3370893,163,5632.3525,1185.6711,a4fbc81a-54c9-497d-a3ea-8c153b772487.extra_data.json,+OWbbAvnWG,18400,com.sec.android.app.shealth,5480152,47100000,a4fbc81a-54c9-497d-a3ea-8c153b772487,1679788800000,
2568981,90,0,2023-01-28 02:02:56.140,2023-01-27 06:10:24.851,-1,180000,46,3180.9,278.62015,1f3e064e-a5b1-4d2d-b8fb-a4c208523a62.extra_data.json,+OWbbAvnWG,6385,com.sec.android.app.shealth,2562596,29520000,1f3e064e-a5b1-4d2d-b8fb-a4c208523a62,1674777600000,
4347773,90,0,2023-03-01 04:55:01.469,2023-02-28 05:00:00.891,-1,2425435,80,3104.1536,511.25055,56acce5a-cd8d-4ab4-937c-35fc836431fc.extra_data.json,+OWbbAvnWG,400,com.sec.android.app.shealth,4347373,14040000,56acce5a-cd8d-4ab4-937c-35fc836431fc,1677542400000,
6065714,90,0,2023-01-27 20:21:58.226,2023-01-26 05:00:01.062,-1,669349,111,7227.214,714.11096,8e054403-d032-4eba-9629-8a35c53fa554.extra_data.json,+OWbbAvnWG,6800,com.sec.android.app.shealth,6058914,24900000,8e054403-d032-4eba-9629-8a35c53fa554,1674691200000,
10546387,90,4211970,2023-04-02 04:41:29.055,2023-04-01 04:00:00.621,-1,4211970,194,8523.302,1381.995,92ebe57e-4868-4083-9503-d68443145d51.extra_data.json,+OWbbAvnWG,11200,com.sec.android.app.shealth,6323217,28680000,92ebe57e-4868-4083-9503-d68443145d51,1680307200000,
6335193,90,0,2023-02-22 04:00:40.665,2023-02-21 05:00:17.120,-1,1050520,116,7080.4453,738.7381,a14259c7-2058-4d5e-8078-e39339ac0a0f.extra_data.json,+OWbbAvnWG,8625,com.sec.android.app.shealth,6326568,24420000,a14259c7-2058-4d5e-8078-e39339ac0a0f,1676937600000,
392196,90,0,2023-02-24 16:57:09.733,2023-02-23 05:00:00.536,-1,32016,6,451.49997,39.899998,b77b4f8d-ed27-454e-93a8-6d2fb66cfe56.extra_data.json,+OWbbAvnWG,0,com.sec.android.app.shealth,392196,40860000,b77b4f8d-ed27-454e-93a8-6d2fb66cfe56,1677110400000,
2688349,90,0,2023-02-03 03:57:27.712,2023-02-02 05:26:31.141,-1,120000,48,3315.042,290.32874,0132df1a-8310-4e27-b788-31756b8d2bfd.extra_data.json,+OWbbAvnWG,2400,com.sec.android.app.shealth,2685949,27360000,0132df1a-8310-4e27-b788-31756b8d2bfd,1675296000000,
1554509,90,0,2023-03-07 09:35:09.942,2023-03-06 05:00:02.081,-1,60000,27,1774.6702,126.43003,34946a52-e21a-46fb-b898-a979b76f3ec4.extra_data.json,+OWbbAvnWG,2400,com.sec.android.app.shealth,1552109,24000000,34946a52-e21a-46fb-b898-a979b76f3ec4,1678060800000,
3900528,90,0,2023-02-02 19:55:28.345,2023-02-01 05:00:00.635,-1,120000,71,4841.904,433.9804,99790c2d-1cc1-405c-baaf-52cfd106da15.extra_data.json,+OWbbAvnWG,22800,com.sec.android.app.shealth,3877728,19560000,99790c2d-1cc1-405c-baaf-52cfd106da15,1675209600000,
1557176,90,0,2023-04-08 14:19:53.103,2023-04-07 04:00:01.033,-1,46023,27,1831.1775,160.39015,230efd10-f63a-4bd3-b5a5-bd1ab0cfa089.extra_data.json,+OWbbAvnWG,4400,com.sec.android.app.shealth,1552776,32880000,230efd10-f63a-4bd3-b5a5-bd1ab0cfa089,1680825600000,
5287858,90,0,2023-02-28 04:38:17.178,2023-02-27 05:42:34.609,-1,1175178,96,5490.299,534.3703,b642e3f5-db7c-4a4f-a189-20eb68210ba7.extra_data.json,+OWbbAvnWG,11629,com.sec.android.app.shealth,5276229,13020000,b642e3f5-db7c-4a4f-a189-20eb68210ba7,1677456000000,
4468770,90,0,2023-02-09 13:26:51.524,2023-02-08 05:00:07.496,-1,180000,82,5604.0776,426.50333,45061298-c4b5-44a6-9dff-d9a6880b5552.extra_data.json,+OWbbAvnWG,14305,com.sec.android.app.shealth,4454465,27900000,45061298-c4b5-44a6-9dff-d9a6880b5552,1675814400000,
727697,90,0,2023-02-08 00:36:11.539,2023-02-07 05:00:00.696,-1,53360,13,809.44006,34.760002,e2da5508-ac3e-40bc-b09b-a83a7a308f82.extra_data.json,+OWbbAvnWG,0,com.sec.android.app.shealth,727697,19920000,e2da5508-ac3e-40bc-b09b-a83a7a308f82,1675728000000,
5292403,90,0,2023-03-13 04:51:19.492,2023-03-12 05:00:00.878,-1,120000,97,6106.842,545.93036,d40af50e-f936-45ce-94ea-043a7122339b.extra_data.json,+OWbbAvnWG,4000,com.sec.android.app.shealth,5288403,24840000,d40af50e-f936-45ce-94ea-043a7122339b,1678579200000,
3497491,90,0,2023-04-14 05:02:36.622,2023-04-13 04:00:00.905,-1,120000,64,4140.9873,364.8859,7b05198f-4e85-401c-a934-be0f2c49b254.extra_data.json,+OWbbAvnWG,7200,com.sec.android.app.shealth,3490291,15360000,7b05198f-4e85-401c-a934-be0f2c49b254,1681344000000,
3878225,90,0,2023-03-02 16:25:12.269,2023-03-01 05:00:01.868,-1,180000,71,4418.826,300.7003,bfd0bfd3-1e36-4380-9b9d-92729e99d9fd.extra_data.json,+OWbbAvnWG,13200,com.sec.android.app.shealth,3865025,23160000,bfd0bfd3-1e36-4380-9b9d-92729e99d9fd,1677628800000,
6383251,90,0,2023-03-07 00:16:28.879,2023-03-05 05:00:01.024,-1,1250964,117,6853.808,598.66345,fdf3ce8b-648f-4fcf-bad6-b23f218fb7f8.extra_data.json,+OWbbAvnWG,22400,com.sec.android.app.shealth,6360851,31680000,fdf3ce8b-648f-4fcf-bad6-b23f218fb7f8,1677974400000,
3028041,90,0,2023-02-15 05:00:00.653,2023-02-14 05:00:00.833,-1,240000,55,3692.86,258.96014,9f6cf51e-0282-4790-9a26-a478093b4d45.extra_data.json,+OWbbAvnWG,4800,com.sec.android.app.shealth,3023241,21599999,9f6cf51e-0282-4790-9a26-a478093b4d45,1676332800000,
7878505,90,1962151,2023-03-19 03:56:00.868,2023-03-18 04:00:01.480,-1,1962151,144,6350.136,803.6584,f88ec2e7-1bad-403d-add7-bb2baa839433.extra_data.json,+OWbbAvnWG,3600,com.sec.android.app.shealth,5912754,26160000,f88ec2e7-1bad-403d-add7-bb2baa839433,1679097600000,
3546385,90,0,2023-03-08 18:48:12.840,2023-03-07 05:00:18.255,-1,704378,64,3939.4583,323.06058,b710e98e-a699-43c7-80a0-cc4aabb0bd01.extra_data.json,+OWbbAvnWG,7600,com.sec.android.app.shealth,3538785,22260000,b710e98e-a699-43c7-80a0-cc4aabb0bd01,1678147200000,
2395447,90,0,2023-04-20 03:22:16.049,2023-04-19 04:52:00.269,-1,240000,43,2790.705,162.2243,c61b3f91-b124-428e-83ca-9130e3b98cae.extra_data.json,+OWbbAvnWG,400,com.sec.android.app.shealth,2395047,22440000,c61b3f91-b124-428e-83ca-9130e3b98cae,1681862400000,
7095912,90,0,2023-03-12 06:15:01.653,2023-03-11 05:00:01.247,-1,420000,130,8353.573,758.93005,04d4799b-326e-47a4-9d15-c3420394a2e2.extra_data.json,+OWbbAvnWG,50293,com.sec.android.app.shealth,7045619,16260000,04d4799b-326e-47a4-9d15-c3420394a2e2,1678492800000,
3733596,90,0,2023-02-14 15:20:22.341,2023-02-13 05:00:00.440,-1,180000,67,4502.311,297.90952,9db21ef6-3e00-4c71-af26-aeb6ddcd3dec.extra_data.json,+OWbbAvnWG,28530,com.sec.android.app.shealth,3705066,23700000,9db21ef6-3e00-4c71-af26-aeb6ddcd3dec,1676246400000,
975154,90,0,2023-03-24 23:06:50.546,2023-03-24 05:29:25.973,-1,50025,17,1122.7483,97.761246,43e244da-710a-41a3-ab83-41948e0b63cd.extra_data.json,+OWbbAvnWG,0,com.sec.android.app.shealth,975154,27180000,43e244da-710a-41a3-ab83-41948e0b63cd,1679616000000,
5363844,90,1813857,2023-03-14 13:18:28.807,2023-03-13 04:00:00.390,-1,1813857,97,3898.2173,767.9433,75f1d076-1d39-45d5-993b-a577aae4f127.extra_data.json,+OWbbAvnWG,12800,com.sec.android.app.shealth,3537187,20880000,75f1d076-1d39-45d5-993b-a577aae4f127,1678665600000,
5552104,90,0,2023-02-21 03:30:52.038,2023-02-20 05:38:28.099,-1,3073680,102,6392.04,858.8586,509ed964-e274-41ca-bd2d-9c39fca053d3.extra_data.json,+OWbbAvnWG,684,com.sec.android.app.shealth,5551420,22020000,509ed964-e274-41ca-bd2d-9c39fca053d3,1676851200000,
2984342,90,0,2023-04-26 03:29:03.568,2023-04-25 04:00:00.986,-1,956782,54,3576.521,346.08203,0636fc3b-28c3-4439-bb10-e657f1a432e1.extra_data.json,+OWbbAvnWG,5600,com.sec.android.app.shealth,2978742,22140000,0636fc3b-28c3-4439-bb10-e657f1a432e1,1682380800000,
3845457,90,0,2023-03-18 16:39:52.769,2023-03-17 04:00:02.560,-1,120000,70,4400.761,310.5602,20bafdcb-877d-4ccd-8d3e-05f5638015fb.extra_data.json,+OWbbAvnWG,9600,com.sec.android.app.shealth,3835857,17100000,20bafdcb-877d-4ccd-8d3e-05f5638015fb,1679011200000,
4393112,90,0,2023-03-31 16:01:46.056,2023-03-30 05:41:49.865,-1,2087661,81,6225.4673,600.00433,663636a9-1ad5-4fcb-99b6-58ce8f0feb17.extra_data.json,+OWbbAvnWG,11200,com.sec.android.app.shealth,4381912,31620000,663636a9-1ad5-4fcb-99b6-58ce8f0feb17,1680134400000,
2302866,90,0,2023-02-20 02:17:26.692,2023-02-19 05:00:00.657,-1,120000,42,2778.032,241.14001,b41f308d-fb9a-4916-b46d-5dc14a46bde0.extra_data.json,+OWbbAvnWG,3200,com.sec.android.app.shealth,2299666,20520000,b41f308d-fb9a-4916-b46d-5dc14a46bde0,1676764800000,
10429851,90,3618393,2023-03-20 03:05:01.222,2023-03-19 04:00:00.579,-1,3618393,192,7622.7,1196.9198,d7e6e265-0dac-4894-a1f7-d4eb25a6848a.extra_data.json,+OWbbAvnWG,29158,com.sec.android.app.shealth,6782300,20520000,d7e6e265-0dac-4894-a1f7-d4eb25a6848a,1679184000000,
2764684,90,0,2023-03-24 01:51:27.931,2023-03-23 04:24:07.553,-1,60000,51,3179.2075,283.29022,18a856ff-f8c6-43f0-ae5e-e4eafacd9cca.extra_data.json,+OWbbAvnWG,2000,com.sec.android.app.shealth,2762684,19560000,18a856ff-f8c6-43f0-ae5e-e4eafacd9cca,1679529600000,
2187400,90,0,2023-03-26 04:39:37.712,2023-03-25 04:00:01.262,-1,240000,40,2559.0522,221.06085,d095fb79-2bc6-432e-a693-1d132b8fe2cd.extra_data.json,+OWbbAvnWG,6400,com.sec.android.app.shealth,2181000,35400000,d095fb79-2bc6-432e-a693-1d132b8fe2cd,1679702400000,
440220,90,0,2023-02-27 02:20:30.369,2023-02-26 06:36:03.954,-1,36685,7,489.76004,21.199995,922afba1-766c-41ae-bab5-25ea670dccd9.extra_data.json,+OWbbAvnWG,0,com.sec.android.app.shealth,440220,24660000,922afba1-766c-41ae-bab5-25ea670dccd9,1677369600000,
5823526,90,0,2023-05-02 01:44:25.512,2023-05-01 04:00:12.692,-1,240000,107,6876.881,591.29,519c920b-c0fc-4e22-a426-2c82003c4385.extra_data.json,+OWbbAvnWG,2400,com.sec.android.app.shealth,5821126,22980000,519c920b-c0fc-4e22-a426-2c82003c4385,1682899200000,
2732395,90,0,2023-02-26 06:36:14.347,2023-02-25 05:38:24.280,-1,60000,50,3138.497,224.21098,c05d7473-4ae6-444e-8216-d4cec920a269.extra_data.json,+OWbbAvnWG,14400,com.sec.android.app.shealth,2717995,25140000,c05d7473-4ae6-444e-8216-d4cec920a269,1677283200000,
3459496,90,0,2023-04-06 02:47:18.411,2023-04-05 04:00:01.276,-1,1590253,63,4031.5706,415.32083,f04f8e1d-8466-4d8a-9f7f-9eb8db7ffa27.extra_data.json,+OWbbAvnWG,9600,com.sec.android.app.shealth,3449896,27840000,f04f8e1d-8466-4d8a-9f7f-9eb8db7ffa27,1680652800000,
3448009,90,0,2023-03-30 01:59:18.932,2023-03-29 04:53:43.426,-1,1952343,63,4488.3696,455.52768,a230bdec-6c78-41ed-a8c0-1612fb301376.extra_data.json,+OWbbAvnWG,1600,com.sec.android.app.shealth,3446409,19980000,a230bdec-6c78-41ed-a8c0-1612fb301376,1680048000000,
5546048,90,0,2023-04-01 14:13:27.512,2023-03-31 04:57:15.637,-1,1577694,102,7293.2734,699.3324,142e3612-e698-4066-bf60-f43e716b004a.extra_data.json,+OWbbAvnWG,25200,com.sec.android.app.shealth,5520848,22200000,142e3612-e698-4066-bf60-f43e716b004a,1680220800000,
3101648,90,0,2023-03-05 14:51:00.673,2023-03-04 05:11:37.907,-1,120000,56,3621.2368,277.82077,ecc5cea8-5052-4e86-b65e-663ff8760978.extra_data.json,+OWbbAvnWG,37600,com.sec.android.app.shealth,3064048,31380000,ecc5cea8-5052-4e86-b65e-663ff8760978,1677888000000,
6264895,90,0,2023-05-08 01:34:42.378,2023-05-07 04:00:00.925,-1,2925456,115,7682.4575,760.2882,6309fa6a-971c-4faa-ae76-48e184ea4813.extra_data.json,+OWbbAvnWG,5200,com.sec.android.app.shealth,6259695,22740000,6309fa6a-971c-4faa-ae76-48e184ea4813,1683417600000,
3091259,90,0,2023-03-04 15:12:50.740,2023-03-03 05:00:00.668,-1,120000,56,3539.1902,250.38075,2f082dc4-b01a-42be-9a99-ed8a43dcb457.extra_data.json,+OWbbAvnWG,5200,com.sec.android.app.shealth,3086059,26760000,2f082dc4-b01a-42be-9a99-ed8a43dcb457,1677801600000,
3039735,90,0,2023-04-12 04:35:01.403,2023-04-11 04:00:00.723,-1,360000,55,3752.525,334.80276,5802f2d0-017e-4354-910d-1844a60e5201.extra_data.json,+OWbbAvnWG,2000,com.sec.android.app.shealth,3037735,28020000,5802f2d0-017e-4354-910d-1844a60e5201,1681171200000,
7528539,90,0,2023-04-07 03:35:03.504,2023-04-06 04:00:08.700,-1,3158370,138,8080.401,974.60114,90f65e86-de2d-4280-b117-c85eaeac0d73.extra_data.json,+OWbbAvnWG,9600,com.sec.android.app.shealth,7518939,26100000,90f65e86-de2d-4280-b117-c85eaeac0d73,1680739200000,
2924166,90,0,2023-04-05 14:43:11.291,2023-04-04 04:00:14.496,-1,927888,53,3459.674,370.0702,aea8a408-2864-43d6-a9a1-4eb5a6e32f1d.extra_data.json,+OWbbAvnWG,4000,com.sec.android.app.shealth,2920166,23100000,aea8a408-2864-43d6-a9a1-4eb5a6e32f1d,1680566400000,
2525095,90,0,2023-03-11 05:07:06.461,2023-03-10 05:00:01.061,-1,300000,46,3000.1848,254.3504,46635538-7414-40a0-bcd1-6396b06ec7c7.extra_data.json,+OWbbAvnWG,800,com.sec.android.app.shealth,2524295,31320000,46635538-7414-40a0-bcd1-6396b06ec7c7,1678406400000,
9978508,90,4124882,2023-05-13 23:55:06.013,2023-05-13 04:00:01.155,-1,4124882,183,6557.142,1332.7129,13cdb336-2cec-4fe9-b74c-4beafbef73ec.extra_data.json,+OWbbAvnWG,10000,com.sec.android.app.shealth,5843626,23040000,13cdb336-2cec-4fe9-b74c-4beafbef73ec,1683936000000,
2734957,90,0,2023-04-13 03:14:04.357,2023-04-12 04:00:00.959,-1,120000,50,3295.5005,291.04916,6f5932d1-56d4-4979-9818-eb6f4374fc40.extra_data.json,+OWbbAvnWG,13200,com.sec.android.app.shealth,2721757,33780000,6f5932d1-56d4-4979-9818-eb6f4374fc40,1681257600000,
3114273,90,0,2023-04-18 21:22:17.524,2023-04-17 04:00:02.032,-1,60000,56,3818.3223,337.54892,0d9e8387-195f-48fd-8efd-4c4c250cd69d.extra_data.json,+OWbbAvnWG,46800,com.sec.android.app.shealth,3067473,21480000,0d9e8387-195f-48fd-8efd-4c4c250cd69d,1681689600000,
3952563,90,0,2023-04-11 02:07:04.063,2023-04-10 04:00:01.432,-1,665382,72,4534.191,439.97482,51b3f082-8d20-4e25-b93d-5189f894367e.extra_data.json,+OWbbAvnWG,0,com.sec.android.app.shealth,3952563,11520000,51b3f082-8d20-4e25-b93d-5189f894367e,1681084800000,
5162595,90,0,2023-03-10 04:46:22.111,2023-03-09 05:00:04.466,-1,180000,94,5902.429,414.8701,433bef81-de4d-4a32-b189-5905d765ff67.extra_data.json,+OWbbAvnWG,23600,com.sec.android.app.shealth,5138995,19980000,433bef81-de4d-4a32-b189-5905d765ff67,1678320000000,
1398963,90,0,2023-03-17 02:55:06.983,2023-03-16 04:00:00.596,-1,52026,25,1615.9901,130.32,71cbd802-c8dc-4fc9-9a77-666b9578d0fc.extra_data.json,+OWbbAvnWG,5600,com.sec.android.app.shealth,1393363,20160000,71cbd802-c8dc-4fc9-9a77-666b9578d0fc,1678924800000,
7037931,90,3715279,2023-05-20 00:38:12.769,2023-05-19 04:00:00.496,-1,3014957,130,4697.776,829.3284,3b629a7b-62d5-49f4-874d-4a7926335402.extra_data.json,+OWbbAvnWG,12400,com.sec.android.app.shealth,3310252,18060000,3b629a7b-62d5-49f4-874d-4a7926335402,1684454400000,
1444498,90,0,2023-04-24 13:03:21.718,2023-04-23 04:00:00.909,-1,60000,26,1635.3469,81.71019,2d943596-0ed2-4b9e-b068-7c257c9e12c2.extra_data.json,+OWbbAvnWG,1200,com.sec.android.app.shealth,1443298,32220000,2d943596-0ed2-4b9e-b068-7c257c9e12c2,1682208000000,
844095,90,0,2023-04-19 02:00:06.073,2023-04-18 04:00:02.220,-1,60000,15,967.68994,72.47,a7699e9c-cd13-41e1-9d52-224b0a409300.extra_data.json,+OWbbAvnWG,400,com.sec.android.app.shealth,843695,21000000,a7699e9c-cd13-41e1-9d52-224b0a409300,1681776000000,
6061124,90,0,2023-04-17 01:36:40.639,2023-04-16 04:00:00.394,-1,1354531,111,6937.4307,716.1124,1b68f638-e115-4939-a8b3-cdaa2f44ac52.extra_data.json,+OWbbAvnWG,3600,com.sec.android.app.shealth,6057524,34260000,1b68f638-e115-4939-a8b3-cdaa2f44ac52,1681603200000,
566283,90,0,2023-03-16 02:29:02.457,2023-03-15 04:55:31.678,-1,32016,10,657.3501,57.689995,f07849d9-c680-42a0-a73b-a5e1f38cd7d3.extra_data.json,+OWbbAvnWG,0,com.sec.android.app.shealth,566283,28320000,f07849d9-c680-42a0-a73b-a5e1f38cd7d3,1678838400000,
4957684,90,0,2023-03-23 05:00:29.799,2023-03-22 04:00:00.534,-1,120000,91,5738.777,509.47205,d6179687-0958-49e8-a799-b9d9132183ab.extra_data.json,+OWbbAvnWG,14000,com.sec.android.app.shealth,4943684,27240000,d6179687-0958-49e8-a799-b9d9132183ab,1679443200000,
2230592,90,0,2023-04-25 17:05:26.726,2023-04-24 04:00:00.378,-1,120000,41,2633.2312,169.62671,3ae2f6e4-ab14-457d-ba82-20d9d5997089.extra_data.json,+OWbbAvnWG,5600,com.sec.android.app.shealth,2224992,17460000,3ae2f6e4-ab14-457d-ba82-20d9d5997089,1682294400000,
7052112,90,4046739,2023-03-22 03:57:11.697,2023-03-21 04:00:01.334,-1,4046739,130,3512.9922,955.0643,bae019ae-a21e-4b33-9b51-fb22ab23b77b.extra_data.json,+OWbbAvnWG,42800,com.sec.android.app.shealth,2962573,12960000,bae019ae-a21e-4b33-9b51-fb22ab23b77b,1679356800000,
3593196,90,0,2023-04-30 16:15:44.974,2023-04-29 04:00:02.027,-1,180000,65,4295.6646,380.85,dd5a866f-659c-47d7-852a-ae2ca692671e.extra_data.json,+OWbbAvnWG,39600,com.sec.android.app.shealth,3553596,27600000,dd5a866f-659c-47d7-852a-ae2ca692671e,1682726400000,
2809681,90,0,2023-03-29 15:59:35.914,2023-03-28 04:15:57.028,-1,1887757,51,3142.0393,462.26254,17f9cd0f-8173-4776-a1ca-1e5f7078cc72.extra_data.json,+OWbbAvnWG,400,com.sec.android.app.shealth,2809281,25440000,17f9cd0f-8173-4776-a1ca-1e5f7078cc72,1679961600000,
4334533,90,0,2023-04-30 22:46:37.769,2023-04-30 04:00:01.095,-1,420000,80,5079.1904,449.87003,e1f4daab-88fd-491a-b373-bde0eca82f40.extra_data.json,+OWbbAvnWG,0,com.sec.android.app.shealth,4334533,24480000,e1f4daab-88fd-491a-b373-bde0eca82f40,1682812800000,
3726591,90,0,2023-04-23 04:53:52.686,2023-04-22 04:08:07.132,-1,2439592,68,4314.1216,406.8865,31631ce9-7464-4d16-b69f-f704b069e726.extra_data.json,+OWbbAvnWG,0,com.sec.android.app.shealth,3726591,21300000,31631ce9-7464-4d16-b69f-f704b069e726,1682121600000,
4361409,90,0,2023-04-04 04:01:45.970,2023-04-03 04:00:00.784,-1,3538475,80,5366.4565,695.61993,4ea5ad54-ebd8-48b0-a5ce-9adee9d3974c.extra_data.json,+OWbbAvnWG,1600,com.sec.android.app.shealth,4359809,25320000,4ea5ad54-ebd8-48b0-a5ce-9adee9d3974c,1680480000000,
6175312,90,3174106,2023-05-07 02:15:11.152,2023-05-06 04:00:01.047,-1,2592544,112,4080.5652,809.7364,f99916f8-5bf0-4c97-b133-ca86ef7224ea.extra_data.json,+OWbbAvnWG,2800,com.sec.android.app.shealth,2998406,26220000,f99916f8-5bf0-4c97-b133-ca86ef7224ea,1683331200000,
3109663,90,0,2023-05-06 02:55:21.910,2023-05-05 04:00:00.841,-1,180000,56,3612.9294,321.02,039573cf-650c-45cc-8b03-241978610dc7.extra_data.json,+OWbbAvnWG,15600,com.sec.android.app.shealth,3094063,19260000,039573cf-650c-45cc-8b03-241978610dc7,1683244800000,
1503253,90,0,2023-05-12 03:56:55.232,2023-05-11 04:39:21.759,-1,60000,27,1732.4207,149.73033,fe5608dc-29fd-4dd8-85c0-524a83ae284f.extra_data.json,+OWbbAvnWG,3200,com.sec.android.app.shealth,1500053,35940000,fe5608dc-29fd-4dd8-85c0-524a83ae284f,1683763200000,
7691472,90,0,2023-04-29 02:44:28.374,2023-04-28 04:00:00.759,-1,1200000,142,8812.334,809.0405,27518a97-916a-4cbb-93a6-81cfad79039a.extra_data.json,+OWbbAvnWG,11200,com.sec.android.app.shealth,7680272,21120000,27518a97-916a-4cbb-93a6-81cfad79039a,1682640000000,
7024620,90,3139852,2023-05-13 02:15:01.335,2023-05-12 04:00:01.599,-1,3139852,128,4569.65,965.086,4070bde4-02b4-4f2a-99b3-2c6efecebc19.extra_data.json,+OWbbAvnWG,1200,com.sec.android.app.shealth,3883568,30600000,4070bde4-02b4-4f2a-99b3-2c6efecebc19,1683849600000,
5362001,90,0,2023-03-28 03:57:30.546,2023-03-27 04:00:00.928,-1,1126275,98,5522.425,626.26355,314aa044-674f-4209-b861-e2bc0fb9cacc.extra_data.json,+OWbbAvnWG,378,com.sec.android.app.shealth,5361623,13500000,314aa044-674f-4209-b861-e2bc0fb9cacc,1679875200000,
4218103,90,0,2023-05-19 03:55:00.878,2023-05-18 04:00:00.963,-1,1666618,77,4835.1704,334.95258,692d13d4-1042-4a52-9435-1cef33b580d0.extra_data.json,+OWbbAvnWG,2000,com.sec.android.app.shealth,4216103,20220000,692d13d4-1042-4a52-9435-1cef33b580d0,1684368000000,
8711959,90,0,2023-04-10 04:15:01.253,2023-04-09 04:58:06.503,-1,5349327,160,13799.419,1189.8033,306c3b16-7bd3-436c-8f22-f590433c4462.extra_data.json,+OWbbAvnWG,29600,com.sec.android.app.shealth,8682359,37260000,306c3b16-7bd3-436c-8f22-f590433c4462,1680998400000,
4217111,90,0,2023-05-05 02:50:23.518,2023-05-04 04:00:00.485,-1,840000,77,4819.0493,439.5099,47101af4-ecba-4382-968f-bc4c3a542aed.extra_data.json,+OWbbAvnWG,764,com.sec.android.app.shealth,4216347,15000000,47101af4-ecba-4382-968f-bc4c3a542aed,1683158400000,
3154944,90,0,2023-05-18 04:15:00.369,2023-05-17 04:00:00.692,-1,480000,57,3567.19,244.6017,197ac703-b236-4d30-be47-2f8df5a105c5.extra_data.json,+OWbbAvnWG,12400,com.sec.android.app.shealth,3142544,21420000,197ac703-b236-4d30-be47-2f8df5a105c5,1684281600000,
3250064,90,0,2023-04-16 03:54:58.950,2023-04-15 04:00:00.636,-1,180000,60,3916.7024,348.48633,65feafae-afec-40c5-b062-0ef76f1d4e24.extra_data.json,+OWbbAvnWG,7200,com.sec.android.app.shealth,3242864,31680000,65feafae-afec-40c5-b062-0ef76f1d4e24,1681516800000,
9359743,90,1599185,2023-04-03 03:41:54.053,2023-04-02 04:00:00.864,-1,1599185,172,8698.953,1163.6084,76f27f89-f61f-4394-ab06-cc7f88ad42f7.extra_data.json,+OWbbAvnWG,24923,com.sec.android.app.shealth,7735635,25440000,76f27f89-f61f-4394-ab06-cc7f88ad42f7,1680393600000,
3677544,90,0,2023-04-22 01:51:25.522,2023-04-21 04:00:01.416,-1,240000,67,4214.858,227.50122,f001cefc-e9ae-4e60-87be-9cf2310d1ea0.extra_data.json,+OWbbAvnWG,14800,com.sec.android.app.shealth,3662744,23220000,f001cefc-e9ae-4e60-87be-9cf2310d1ea0,1682035200000,
1517896,90,0,2023-05-11 03:35:02.228,2023-05-10 04:00:02.271,-1,120000,27,1781.0552,158.11925,406d7b0e-57cc-4df7-9460-328b11e0450c.extra_data.json,+OWbbAvnWG,5200,com.sec.android.app.shealth,1512696,20580000,406d7b0e-57cc-4df7-9460-328b11e0450c,1683676800000,
6209260,90,0,2023-04-09 03:09:28.059,2023-04-08 04:00:00.726,-1,1894955,114,8890.907,848.3247,e6ab5280-ad15-4cb8-8f41-7b2ed322f34f.extra_data.json,+OWbbAvnWG,15200,com.sec.android.app.shealth,6194060,21960000,e6ab5280-ad15-4cb8-8f41-7b2ed322f34f,1680912000000,
8288384,90,0,2023-04-15 13:48:56.083,2023-04-14 04:00:01.576,-1,2204564,152,9681.194,981.11426,5d4b1f8e-827c-476d-869f-2f71ee49f163.extra_data.json,+OWbbAvnWG,16098,com.sec.android.app.shealth,8272286,27180000,5d4b1f8e-827c-476d-869f-2f71ee49f163,1681430400000,
3846085,90,0,2023-04-28 03:49:32.750,2023-04-27 04:00:01.389,-1,3217140,71,4662.863,589.24146,8ecdfcd8-9f8b-4781-9fa0-98108330b5af.extra_data.json,+OWbbAvnWG,0,com.sec.android.app.shealth,3846085,17160000,8ecdfcd8-9f8b-4781-9fa0-98108330b5af,1682553600000,
4179152,90,0,2023-05-04 04:00:00.565,2023-05-03 04:00:00.575,-1,240000,76,4821.4697,439.6901,ddc5270d-4526-48a6-ad51-7bc3d804e22b.extra_data.json,+OWbbAvnWG,0,com.sec.android.app.shealth,4179152,19860000,ddc5270d-4526-48a6-ad51-7bc3d804e22b,1683072000000,
3907534,90,0,2023-05-17 02:20:23.518,2023-05-16 04:00:01.224,-1,1095647,71,4403.133,410.11362,663e8e62-9a30-45ee-9822-4f13960359e8.extra_data.json,+OWbbAvnWG,7600,com.sec.android.app.shealth,3899934,21840000,663e8e62-9a30-45ee-9822-4f13960359e8,1684195200000,
2946860,90,0,2023-04-21 02:48:59.935,2023-04-20 04:36:29.468,-1,1989054,54,3546.683,292.0007,f65b38d7-891e-486e-b6d7-f16585796bdf.extra_data.json,+OWbbAvnWG,400,com.sec.android.app.shealth,2946460,17460000,f65b38d7-891e-486e-b6d7-f16585796bdf,1681948800000,
5060933,90,2212633,2023-05-10 01:58:30.797,2023-05-09 04:00:00.610,-1,2212633,92,4433.9404,607.4274,8888ed00-49cc-415d-a2b8-6565cae6841c.extra_data.json,+OWbbAvnWG,0,com.sec.android.app.shealth,2848300,23940000,8888ed00-49cc-415d-a2b8-6565cae6841c,1683590400000,
8890829,90,4845991,2023-05-16 04:00:04.772,2023-05-15 04:28:00.184,-1,4845991,163,4517.24,1022.56177,fedcbbc3-cef5-4b38-a3ca-c3b7063778fc.extra_data.json,+OWbbAvnWG,4400,com.sec.android.app.shealth,4040438,22800000,fedcbbc3-cef5-4b38-a3ca-c3b7063778fc,1684108800000,
5422262,90,0,2023-04-27 21:34:53.668,2023-04-26 04:00:00.462,-1,1080000,100,6282.474,569.55457,789d602e-1313-4f67-a0db-cdc5634760de.extra_data.json,+OWbbAvnWG,2400,com.sec.android.app.shealth,5419862,20400000,789d602e-1313-4f67-a0db-cdc5634760de,1682467200000,
285476,90,0,2023-05-21 17:35:52.745,2023-05-21 04:00:01.466,-1,28681,4,323.50015,20.339666,3b8052e7-b3a5-43fc-aa34-12e6ad4e1056.extra_data.json,+OWbbAvnWG,0,com.sec.android.app.shealth,285476,28620000,3b8052e7-b3a5-43fc-aa34-12e6ad4e1056,1684627200000,
1990118,90,0,2023-05-03 01:56:59.692,2023-05-02 04:00:01.612,-1,300000,36,2332.8098,208.70999,6fb74b20-a314-45d1-9d54-c8fd6c55eb7b.extra_data.json,+OWbbAvnWG,0,com.sec.android.app.shealth,1990118,36180000,6fb74b20-a314-45d1-9d54-c8fd6c55eb7b,1682985600000,
9403805,90,4412277,2023-05-09 03:56:02.770,2023-05-08 04:12:47.718,-1,4412277,173,5860.9326,1244.5697,f0b8c3b8-6f32-4b12-a641-ccc7f4fed3dd.extra_data.json,+OWbbAvnWG,8000,com.sec.android.app.shealth,4983528,18360000,f0b8c3b8-6f32-4b12-a641-ccc7f4fed3dd,1683504000000,
5949926,90,0,2023-05-15 00:56:21.760,2023-05-14 04:00:01.118,-1,300000,110,6648.454,351.8506,a26b205d-fd7f-485d-af2a-2292ddd152a3.extra_data.json,+OWbbAvnWG,2400,com.sec.android.app.shealth,5947526,27900000,a26b205d-fd7f-485d-af2a-2292ddd152a3,1684022400000,
6126677,90,3276714,2023-05-21 04:00:04.637,2023-05-20 04:00:01.242,-1,2127982,112,4688.3496,724.2972,388c900e-1e21-4dab-8cae-db2460171d8e.extra_data.json,+OWbbAvnWG,2400,com.sec.android.app.shealth,2847563,28800000,388c900e-1e21-4dab-8cae-db2460171d8e,1684540800000,
