active_calories_goal,version,extra_data,com.samsung.shealth.calories_burned.tef_calorie,com.samsung.shealth.calories_burned.active_time,com.samsung.shealth.calories_burned.rest_calorie,com.samsung.shealth.calories_burned.update_time,com.samsung.shealth.calories_burned.create_time,com.samsung.shealth.calories_burned.active_calorie,com.samsung.shealth.calories_burned.deviceuuid,com.samsung.shealth.calories_burned.pkg_name,com.samsung.shealth.calories_burned.datauuid,com.samsung.shealth.calories_burned.day_time
,5a09fe4a-bf72-40e6-9904-11dade8f95da.extra_data.json,0.0,0,1593.333,2022-09-16 02:24:15.442,2022-09-16 02:24:15.442,0.0,+OWbbAvnWG,com.sec.android.app.shealth,5a09fe4a-bf72-40e6-9904-11dade8f95da,1660953600000,
,a9b4d289-c7a1-4e64-bb8a-ac545c209511.extra_data.json,0.0,0,1593.333,2022-09-16 02:24:15.438,2022-09-16 02:24:15.438,0.0,+OWbbAvnWG,com.sec.android.app.shealth,a9b4d289-c7a1-4e64-bb8a-ac545c209511,1660867200000,
,6599ae98-b30e-49bb-89d1-6d5e4b652f15.extra_data.json,0.0,0,1593.333,2022-09-16 02:24:15.449,2022-09-16 02:24:15.449,0.0,+OWbbAvnWG,com.sec.android.app.shealth,6599ae98-b30e-49bb-89d1-6d5e4b652f15,1661040000000,
,b6f64254-3df1-4025-b2e4-8be1c639a812.extra_data.json,0.0,0,1593.333,2022-09-16 02:24:15.457,2022-09-16 02:24:15.457,0.0,+OWbbAvnWG,com.sec.android.app.shealth,b6f64254-3df1-4025-b2e4-8be1c639a812,1661126400000,
,d85fc019-8790-4d2e-96f2-e94fe4a69664.extra_data.json,0.0,0,2443.4426,2022-09-22 22:04:09.819,2022-09-16 02:24:15.481,0.0,+OWbbAvnWG,com.sec.android.app.shealth,d85fc019-8790-4d2e-96f2-e94fe4a69664,1661472000000,
,6b5b904c-0c04-4a3f-871e-3c190173677c.extra_data.json,0.0,27347,2418.9775,2022-10-05 18:18:12.490,2022-09-16 02:24:15.040,1.8199999,+OWbbAvnWG,com.sec.android.app.shealth,6b5b904c-0c04-4a3f-871e-3c190173677c,1663200000000,
,a8f5bb2c-547c-4b0f-b510-a8b77c378b1e.extra_data.json,0.0,0,2443.4426,2022-09-22 22:04:10.792,2022-09-16 02:24:15.490,0.0,+OWbbAvnWG,com.sec.android.app.shealth,a8f5bb2c-547c-4b0f-b510-a8b77c378b1e,1661558400000,
,f422d162-ea96-46ab-9117-ff4d6fa9da31.extra_data.json,0.0,0,2443.4429,2022-09-20 20:13:28.594,2022-09-16 02:24:15.475,0.0,+OWbbAvnWG,com.sec.android.app.shealth,f422d162-ea96-46ab-9117-ff4d6fa9da31,1661385600000,
,143ffd54-b0b3-418a-b9ca-903c5552bca6.extra_data.json,0.0,0,2443.4426,2022-09-22 22:04:10.867,2022-09-16 02:24:15.496,0.0,+OWbbAvnWG,com.sec.android.app.shealth,143ffd54-b0b3-418a-b9ca-903c5552bca6,1661644800000,
,b8445965-2deb-4758-9657-9e63634c1a4f.extra_data.json,0.0,0,2443.4429,2022-09-20 20:13:28.580,2022-09-16 02:24:15.470,0.0,+OWbbAvnWG,com.sec.android.app.shealth,b8445965-2deb-4758-9657-9e63634c1a4f,1661299200000,
,cbfa4a44-852b-4145-b09f-2f08d5e7d6f8.extra_data.json,0.0,0,2443.4426,2022-09-22 22:04:13.032,2022-09-16 02:24:15.524,0.0,+OWbbAvnWG,com.sec.android.app.shealth,cbfa4a44-852b-4145-b09f-2f08d5e7d6f8,1661990400000,
,51a7e8c3-d986-4b66-bebe-eddd975fddeb.extra_data.json,0.0,0,2443.4426,2022-09-22 22:04:12.838,2022-09-16 02:24:15.519,0.0,+OWbbAvnWG,com.sec.android.app.shealth,51a7e8c3-d986-4b66-bebe-eddd975fddeb,1661904000000,
,e679e297-b450-4934-9227-60a22d7ead20.extra_data.json,0.0,0,2443.4426,2022-09-22 22:04:13.222,2022-09-16 02:24:15.531,0.0,+OWbbAvnWG,com.sec.android.app.shealth,e679e297-b450-4934-9227-60a22d7ead20,1662076800000,
,4a403e9c-bc83-494f-8014-7ddaf1a6bb5e.extra_data.json,0.0,0,2443.4426,2022-09-22 22:04:13.323,2022-09-16 02:24:15.538,0.0,+OWbbAvnWG,com.sec.android.app.shealth,4a403e9c-bc83-494f-8014-7ddaf1a6bb5e,1662163200000,
,20bde582-a63d-414b-a915-e5635fd82840.extra_data.json,0.0,0,2425.2124,2022-10-04 00:12:48.038,2022-09-16 02:24:15.561,0.0,+OWbbAvnWG,com.sec.android.app.shealth,20bde582-a63d-414b-a915-e5635fd82840,1662508800000,
,73097b55-5c52-4e60-a212-6c7bf0cc8eb0.extra_data.json,0.0,0,2443.4426,2022-09-22 22:04:12.597,2022-09-16 02:24:15.513,0.0,+OWbbAvnWG,com.sec.android.app.shealth,73097b55-5c52-4e60-a212-6c7bf0cc8eb0,1661817600000,
,cb3e16f5-483d-4c9f-bdf2-66b459fccd4f.extra_data.json,0.0,0,2425.2124,2022-10-04 00:12:47.673,2022-09-16 02:24:15.557,0.0,+OWbbAvnWG,com.sec.android.app.shealth,cb3e16f5-483d-4c9f-bdf2-66b459fccd4f,1662422400000,
,2f6ea03f-4273-4bf7-b621-14ccbc6cbade.extra_data.json,0.0,0,2419.7434,2022-10-05 18:18:12.425,2022-09-16 02:24:15.567,0.0,+OWbbAvnWG,com.sec.android.app.shealth,2f6ea03f-4273-4bf7-b621-14ccbc6cbade,1662595200000,
,ad1386e4-4e48-4f1a-bf45-af149a4dd63d.extra_data.json,0.0,0,2419.7434,2022-10-05 18:18:12.469,2022-09-16 02:24:15.600,0.0,+OWbbAvnWG,com.sec.android.app.shealth,ad1386e4-4e48-4f1a-bf45-af149a4dd63d,1663027200000,
,d6e2799b-edad-4cdb-a499-a3d9d1488d35.extra_data.json,0.0,0,2419.7434,2022-10-05 18:18:12.434,2022-09-16 02:24:15.575,0.0,+OWbbAvnWG,com.sec.android.app.shealth,d6e2799b-edad-4cdb-a499-a3d9d1488d35,1662681600000,
,5fbdae03-aba6-4b9d-b232-19226a83ee78.extra_data.json,0.0,0,2443.4426,2022-09-22 22:04:13.687,2022-09-16 02:24:15.548,0.0,+OWbbAvnWG,com.sec.android.app.shealth,5fbdae03-aba6-4b9d-b232-19226a83ee78,1662336000000,
,e8025afb-2597-4bc7-9459-7a1d1014f1a8.extra_data.json,220.0,5613114,2284.7007,2022-09-21 16:29:03.495,2022-09-20 04:00:00.758,674.56757,+OWbbAvnWG,com.sec.android.app.shealth,e8025afb-2597-4bc7-9459-7a1d1014f1a8,1663632000000,
,79704953-d796-4192-84c6-2b8ecf0931a1.extra_data.json,0.0,0,2419.7434,2022-10-05 18:18:12.479,2022-09-16 02:24:15.605,0.0,+OWbbAvnWG,com.sec.android.app.shealth,79704953-d796-4192-84c6-2b8ecf0931a1,1663113600000,
,a152109e-e3bf-4841-a08e-95b4d553d9f2.extra_data.json,0.0,0,2419.7434,2022-10-05 18:18:12.460,2022-09-16 02:24:15.594,0.0,+OWbbAvnWG,com.sec.android.app.shealth,a152109e-e3bf-4841-a08e-95b4d553d9f2,1662940800000,
,d0d8e715-2e07-48f6-a254-825084565c24.extra_data.json,212.8,942471,2393.3481,2022-10-05 18:18:12.504,2022-09-16 04:00:03.484,53.54001,+OWbbAvnWG,com.sec.android.app.shealth,d0d8e715-2e07-48f6-a254-825084565c24,1663286400000,
,6deedf7d-5e6c-48de-8e6e-184771aa6518.extra_data.json,0.0,3958025,2331.5076,2022-09-27 04:31:57.276,2022-09-26 04:06:18.361,469.21106,+OWbbAvnWG,com.sec.android.app.shealth,6deedf7d-5e6c-48de-8e6e-184771aa6518,1664150400000,
,aa1f2484-9a25-44ab-8a12-932b10280c28.extra_data.json,0.0,0,2419.7434,2022-10-05 18:18:12.451,2022-09-16 02:24:15.587,0.0,+OWbbAvnWG,com.sec.android.app.shealth,aa1f2484-9a25-44ab-8a12-932b10280c28,1662854400000,
,8ceecf9f-4962-4dd9-93dc-a2721f8cd03c.extra_data.json,194.6,5808650,2279.1707,2022-09-22 14:17:41.662,2022-09-21 04:00:00.420,672.09106,+OWbbAvnWG,com.sec.android.app.shealth,8ceecf9f-4962-4dd9-93dc-a2721f8cd03c,1663718400000,
,e0e53eb5-c0f7-4a0e-b891-8846f6aa22f2.extra_data.json,0.0,0,1593.333,2022-09-16 02:24:15.463,2022-09-16 02:24:15.463,0.0,+OWbbAvnWG,com.sec.android.app.shealth,e0e53eb5-c0f7-4a0e-b891-8846f6aa22f2,1661212800000,
,ff55f87b-9457-4fa8-a9e0-e9ed6d1cd0e0.extra_data.json,197.2,2739497,2365.9683,2022-09-23 04:06:29.233,2022-09-22 04:20:05.758,284.45975,+OWbbAvnWG,com.sec.android.app.shealth,ff55f87b-9457-4fa8-a9e0-e9ed6d1cd0e0,1663804800000,
,d97b8ada-ddfc-46b0-9c5a-f71a77bff38e.extra_data.json,227.6,8761222,2179.2883,2022-10-03 04:00:01.883,2022-10-02 04:00:01.425,1076.9233,+OWbbAvnWG,com.sec.android.app.shealth,d97b8ada-ddfc-46b0-9c5a-f71a77bff38e,1664668800000,
,6eb95d6f-31c3-4397-b189-4f8b03987933.extra_data.json,140.1,1349708,2405.2722,2022-09-20 20:11:45.997,2022-09-19 04:01:06.922,147.51999,+OWbbAvnWG,com.sec.android.app.shealth,6eb95d6f-31c3-4397-b189-4f8b03987933,1663545600000,
,ab74fba9-88d8-49e4-9674-783358d6f8a7.extra_data.json,208.6,969121,2416.0356,2022-09-20 20:11:45.992,2022-09-18 04:00:00.514,101.19,+OWbbAvnWG,com.sec.android.app.shealth,ab74fba9-88d8-49e4-9674-783358d6f8a7,1663459200000,
,5a312f25-2dc5-4fa2-8176-4f28889d429a.extra_data.json,0.0,4169655,2325.5225,2022-09-28 04:18:42.295,2022-09-27 04:31:55.601,485.76404,+OWbbAvnWG,com.sec.android.app.shealth,5a312f25-2dc5-4fa2-8176-4f28889d429a,1664236800000,
,988837f9-538a-4197-8eed-80408ed31fee.extra_data.json,0.0,0,2443.4426,2022-09-22 22:04:11.528,2022-09-16 02:24:15.504,0.0,+OWbbAvnWG,com.sec.android.app.shealth,988837f9-538a-4197-8eed-80408ed31fee,1661731200000,
,f1238c6c-d895-4287-a613-8dcb763a196b.extra_data.json,180.3,1745136,2394.089,2022-09-29 17:21:07.431,2022-09-28 04:18:41.266,187.90985,+OWbbAvnWG,com.sec.android.app.shealth,f1238c6c-d895-4287-a613-8dcb763a196b,1664323200000,
,8b5bd371-3293-4fb5-97f6-910612889097.extra_data.json,0.0,3122326,2355.1414,2022-09-26 04:06:18.685,2022-09-25 04:02:59.270,366.8241,+OWbbAvnWG,com.sec.android.app.shealth,8b5bd371-3293-4fb5-97f6-910612889097,1664064000000,
,19e029f1-f404-4f3d-9e9f-40d48f291ba2.extra_data.json,174.0,2334373,2354.3662,2022-10-09 15:45:29.450,2022-10-08 04:00:00.703,248.78833,+OWbbAvnWG,com.sec.android.app.shealth,19e029f1-f404-4f3d-9e9f-40d48f291ba2,1665187200000,
,6b136626-4b7e-4ba4-92f6-5416a20c3d77.extra_data.json,92.200005,8307156,2208.5115,2022-09-25 04:03:00.285,2022-09-24 04:00:00.647,1120.3776,+OWbbAvnWG,com.sec.android.app.shealth,6b136626-4b7e-4ba4-92f6-5416a20c3d77,1663977600000,
,d59e9f69-943b-49de-9450-b4c79b1e33db.extra_data.json,228.5,4655845,2294.5247,2022-10-04 16:30:23.735,2022-10-03 04:00:01.419,565.02875,+OWbbAvnWG,com.sec.android.app.shealth,d59e9f69-943b-49de-9450-b4c79b1e33db,1664755200000,
,ca63962b-8c5a-4fe3-8865-db3bdbf612f5.extra_data.json,0.0,0,2443.4426,2022-09-22 22:04:13.393,2022-09-16 02:24:15.543,0.0,+OWbbAvnWG,com.sec.android.app.shealth,ca63962b-8c5a-4fe3-8865-db3bdbf612f5,1662249600000,
,af938e70-90ed-44d6-af90-d9862599dc69.extra_data.json,190.7,1764214,2370.3342,2022-10-05 04:00:01.779,2022-10-04 04:00:00.577,186.52023,+OWbbAvnWG,com.sec.android.app.shealth,af938e70-90ed-44d6-af90-d9862599dc69,1664841600000,
,4aa0acca-cc01-4feb-9959-878d0989a8cc.extra_data.json,172.3,1108818,2388.6895,2022-10-15 16:29:01.185,2022-10-14 04:00:02.290,118.29999,+OWbbAvnWG,com.sec.android.app.shealth,4aa0acca-cc01-4feb-9959-878d0989a8cc,1665705600000,
,d5195aeb-7b7a-4c41-9982-479efe2f3c46.extra_data.json,211.2,3997335,2330.3958,2022-10-01 14:15:07.166,2022-09-30 04:00:02.163,488.93143,+OWbbAvnWG,com.sec.android.app.shealth,d5195aeb-7b7a-4c41-9982-479efe2f3c46,1664496000000,
,6e99dc4a-6621-45e9-b3ab-0b4fdf6cc777.extra_data.json,215.7,6101437,2270.8904,2022-10-02 04:07:35.023,2022-10-01 04:00:00.776,737.5912,+OWbbAvnWG,com.sec.android.app.shealth,6e99dc4a-6621-45e9-b3ab-0b4fdf6cc777,1664582400000,
,72385569-86de-4e89-b456-dbfd4e47426a.extra_data.json,0.0,2062236,2361.9875,2022-10-10 04:00:01.236,2022-10-09 04:00:01.993,241.6697,+OWbbAvnWG,com.sec.android.app.shealth,72385569-86de-4e89-b456-dbfd4e47426a,1665273600000,
,4b6b96b0-5df3-400f-a19e-b9352862427a.extra_data.json,0.0,0,2419.7434,2022-10-05 18:18:12.443,2022-09-16 02:24:15.581,0.0,+OWbbAvnWG,com.sec.android.app.shealth,4b6b96b0-5df3-400f-a19e-b9352862427a,1662768000000,
,d6ec0bd8-8fd5-43db-8257-105141d4850c.extra_data.json,0.0,1961239,2364.8162,2022-10-21 04:00:00.903,2022-10-20 04:00:00.780,214.7789,+OWbbAvnWG,com.sec.android.app.shealth,d6ec0bd8-8fd5-43db-8257-105141d4850c,1666224000000,
,b2498e5a-e938-4627-9af4-e42b63f4ff82.extra_data.json,240.7,1691078,2372.3826,2022-10-08 17:21:54.839,2022-10-07 04:00:00.544,181.52863,+OWbbAvnWG,com.sec.android.app.shealth,b2498e5a-e938-4627-9af4-e42b63f4ff82,1665100800000,
,41014be0-e2b3-4297-b91d-b3308c4c2567.extra_data.json,203.8,1305640,2383.1772,2022-10-11 16:15:32.773,2022-10-10 04:00:01.010,145.817,+OWbbAvnWG,com.sec.android.app.shealth,41014be0-e2b3-4297-b91d-b3308c4c2567,1665360000000,
,d166ee29-2aa7-4f6d-b2fa-00f3892409df.extra_data.json,224.7,7819514,2200.7478,2022-10-07 04:45:22.492,2022-10-06 04:00:01.164,1071.7194,+OWbbAvnWG,com.sec.android.app.shealth,d166ee29-2aa7-4f6d-b2fa-00f3892409df,1665014400000,
,89b27d9d-283e-4f37-bebc-5a672a6d5df1.extra_data.json,215.8,4326077,2298.586,2022-10-16 04:00:01.236,2022-10-15 04:00:01.220,472.2406,+OWbbAvnWG,com.sec.android.app.shealth,89b27d9d-283e-4f37-bebc-5a672a6d5df1,1665792000000,
,b55c30f8-9870-4062-bce6-19897ab80df3.extra_data.json,0.0,658329,2401.306,2022-10-27 15:27:15.049,2022-10-26 04:00:00.844,67.21,+OWbbAvnWG,com.sec.android.app.shealth,b55c30f8-9870-4062-bce6-19897ab80df3,1666742400000,
,2c91757f-c054-4c48-a63c-768c0806c76d.extra_data.json,221.5,5178321,2296.9968,2022-09-20 20:11:45.991,2022-09-17 04:00:00.656,488.96,+OWbbAvnWG,com.sec.android.app.shealth,2c91757f-c054-4c48-a63c-768c0806c76d,1663372800000,
,4a7c5ae8-c5cf-415b-ab21-e0a23567ef7d.extra_data.json,235.40001,3689567,2316.412,2022-10-14 04:00:02.871,2022-10-13 04:00:01.783,638.20447,+OWbbAvnWG,com.sec.android.app.shealth,4a7c5ae8-c5cf-415b-ab21-e0a23567ef7d,1665619200000,
,ed4d7b86-9086-4ed1-aed2-fbacf67ca67b.extra_data.json,190.6,2651274,2345.491,2022-10-13 14:52:10.484,2022-10-12 04:00:00.931,285.81094,+OWbbAvnWG,com.sec.android.app.shealth,ed4d7b86-9086-4ed1-aed2-fbacf67ca67b,1665532800000,
,38628f8a-db36-4d66-bc78-4657033b6119.extra_data.json,0.0,2478092,2350.341,2022-10-17 14:21:41.191,2022-10-16 04:00:00.854,271.60013,+OWbbAvnWG,com.sec.android.app.shealth,38628f8a-db36-4d66-bc78-4657033b6119,1665878400000,
,8eb013ce-85a4-4888-81a6-a13b22dca236.extra_data.json,0.0,2131946,2360.0354,2022-10-22 04:00:02.361,2022-10-21 04:00:00.635,239.99835,+OWbbAvnWG,com.sec.android.app.shealth,8eb013ce-85a4-4888-81a6-a13b22dca236,1666310400000,
,2ebcc6e8-2a6c-4562-a8ba-94fc6595a3c5.extra_data.json,0.0,447557,2407.2087,2022-11-02 04:00:01.783,2022-11-01 04:00:01.335,46.460003,+OWbbAvnWG,com.sec.android.app.shealth,2ebcc6e8-2a6c-4562-a8ba-94fc6595a3c5,1667260800000,
,18ce6f36-04b7-4e4f-9213-10ee3c16338e.extra_data.json,162.0,3163097,2353.9885,2022-09-24 04:21:17.480,2022-09-23 04:00:00.564,349.41995,+OWbbAvnWG,com.sec.android.app.shealth,18ce6f36-04b7-4e4f-9213-10ee3c16338e,1663891200000,
,48e37a3e-7097-445e-9536-adf1cbbd1c02.extra_data.json,177.40001,2979488,2336.2988,2022-10-19 18:13:01.388,2022-10-18 04:00:01.850,358.13742,+OWbbAvnWG,com.sec.android.app.shealth,48e37a3e-7097-445e-9536-adf1cbbd1c02,1666051200000,
,620a49a7-063a-4430-b4d9-939f370b182c.extra_data.json,0.0,1508349,2377.5,2022-10-20 04:00:00.968,2022-10-19 04:00:00.692,161.33846,+OWbbAvnWG,com.sec.android.app.shealth,620a49a7-063a-4430-b4d9-939f370b182c,1666137600000,
,1fc2d6ee-0845-49eb-a567-b805e58fff37.extra_data.json,0.0,1121493,2388.3345,2022-10-23 04:00:01.935,2022-10-22 04:00:01.982,119.04939,+OWbbAvnWG,com.sec.android.app.shealth,1fc2d6ee-0845-49eb-a567-b805e58fff37,1666396800000,
,fafe3908-cbb4-4c69-870a-6631827f9a33.extra_data.json,0.0,938602,2393.4565,2022-11-08 05:27:44.690,2022-11-07 05:00:01.285,96.38001,+OWbbAvnWG,com.sec.android.app.shealth,fafe3908-cbb4-4c69-870a-6631827f9a33,1667779200000,
,da5026ee-ec95-4f18-99b8-ae5c606a2277.extra_data.json,0.0,2537344,2348.6816,2022-10-28 04:00:01.994,2022-10-27 04:01:01.900,281.12006,+OWbbAvnWG,com.sec.android.app.shealth,da5026ee-ec95-4f18-99b8-ae5c606a2277,1666828800000,
,04f3caed-6f39-4f9f-81fd-258cfa1c0a15.extra_data.json,216.90001,2789626,2364.5505,2022-09-30 04:00:02.474,2022-09-29 04:00:01.537,300.47977,+OWbbAvnWG,com.sec.android.app.shealth,04f3caed-6f39-4f9f-81fd-258cfa1c0a15,1664409600000,
,4b710c2d-72ff-4afe-9b87-e62ffb3a397f.extra_data.json,80.200005,4077677,2305.5427,2022-10-26 20:10:11.287,2022-10-25 04:00:00.973,484.08942,+OWbbAvnWG,com.sec.android.app.shealth,4b710c2d-72ff-4afe-9b87-e62ffb3a397f,1666656000000,
,e2c27e9e-67d5-4bd1-a0ec-6c79a07d1917.extra_data.json,97.5,379256,2409.1218,2022-10-30 17:50:05.206,2022-10-28 04:00:01.755,39.499996,+OWbbAvnWG,com.sec.android.app.shealth,e2c27e9e-67d5-4bd1-a0ec-6c79a07d1917,1666915200000,
,7211d0b2-57e3-4a19-b798-7caa6930ce93.extra_data.json,0.0,579623,2403.5103,2022-10-25 04:00:01.657,2022-10-24 04:14:49.549,59.12,+OWbbAvnWG,com.sec.android.app.shealth,7211d0b2-57e3-4a19-b798-7caa6930ce93,1666569600000,
,286ee1a8-4f24-4514-88d7-ff45f2352349.extra_data.json,189.90001,4136087,2303.907,2022-11-14 16:44:43.815,2022-11-13 05:50:47.494,541.0597,+OWbbAvnWG,com.sec.android.app.shealth,286ee1a8-4f24-4514-88d7-ff45f2352349,1668297600000,
,a53e28b4-b2af-4693-9aa2-c2832fff83e7.extra_data.json,175.8,4401818,2296.4648,2022-11-04 04:00:01.075,2022-11-03 04:00:00.490,520.1455,+OWbbAvnWG,com.sec.android.app.shealth,a53e28b4-b2af-4693-9aa2-c2832fff83e7,1667433600000,
,fb20ce61-2dc8-4d46-8621-41b51be50a42.extra_data.json,224.8,3266944,2328.2483,2022-10-06 06:15:05.853,2022-10-05 04:00:01.612,398.39355,+OWbbAvnWG,com.sec.android.app.shealth,fb20ce61-2dc8-4d46-8621-41b51be50a42,1664928000000,
,4a7d47ee-c3d3-4010-acbd-94100800bbd4.extra_data.json,0.0,2616745,2346.458,2022-11-03 04:00:00.617,2022-11-02 04:00:01.627,330.93842,+OWbbAvnWG,com.sec.android.app.shealth,4a7d47ee-c3d3-4010-acbd-94100800bbd4,1667347200000,
,cfa34331-d190-4a83-b620-52de8a88a34c.extra_data.json,148.3,4345247,2298.049,2022-10-31 04:10:10.522,2022-10-30 04:00:01.158,548.38666,+OWbbAvnWG,com.sec.android.app.shealth,cfa34331-d190-4a83-b620-52de8a88a34c,1667088000000,
,d1b3d696-d50d-4645-b860-d68fbae202c4.extra_data.json,172.7,1975250,2364.424,2022-10-12 04:23:06.561,2022-10-11 04:00:00.765,208.0567,+OWbbAvnWG,com.sec.android.app.shealth,d1b3d696-d50d-4645-b860-d68fbae202c4,1665446400000,
,e20c68b5-a63a-448e-b084-399e6c55b753.extra_data.json,0.0,3006883,2335.5317,2022-11-01 04:00:01.448,2022-10-31 04:10:10.185,359.01654,+OWbbAvnWG,com.sec.android.app.shealth,e20c68b5-a63a-448e-b084-399e6c55b753,1667174400000,
,fb2912bb-bacc-46b9-ae25-736d42a2779c.extra_data.json,150.7,768784,2398.2126,2022-11-20 05:00:00.730,2022-11-19 05:21:02.146,84.04001,+OWbbAvnWG,com.sec.android.app.shealth,fb2912bb-bacc-46b9-ae25-736d42a2779c,1668816000000,
,3caa361b-9fbd-4940-b5af-a377a6f58d7a.extra_data.json,0.0,1872665,2367.2969,2022-11-09 05:07:11.396,2022-11-08 05:27:44.414,200.97023,+OWbbAvnWG,com.sec.android.app.shealth,3caa361b-9fbd-4940-b5af-a377a6f58d7a,1667865600000,
,6f1f29e0-2a5a-4d5f-a426-f23b0e6d9f22.extra_data.json,210.2,4629373,2290.0918,2022-11-06 17:17:40.106,2022-11-05 05:34:16.127,600.26447,+OWbbAvnWG,com.sec.android.app.shealth,6f1f29e0-2a5a-4d5f-a426-f23b0e6d9f22,1667606400000,
,cf618d6a-b894-48a4-815d-fc1dd764ea65.extra_data.json,167.90001,4758136,2286.4856,2022-11-10 05:00:02.215,2022-11-09 05:07:10.967,557.2478,+OWbbAvnWG,com.sec.android.app.shealth,cf618d6a-b894-48a4-815d-fc1dd764ea65,1667952000000,
,56c84258-cab0-4891-a90c-c1693a83737d.extra_data.json,0.0,2961061,2336.815,2022-11-15 05:00:00.687,2022-11-14 05:00:01.366,375.11996,+OWbbAvnWG,com.sec.android.app.shealth,56c84258-cab0-4891-a90c-c1693a83737d,1668384000000,
,d3c5a009-12c6-4f1f-a335-7cf09ccea0e9.extra_data.json,194.8,831749,2396.449,2022-10-18 04:41:10.435,2022-10-17 04:00:01.757,85.05004,+OWbbAvnWG,com.sec.android.app.shealth,d3c5a009-12c6-4f1f-a335-7cf09ccea0e9,1665964800000,
,7735d38c-b637-4d60-89a7-579261aecfc1.extra_data.json,0.0,3166432,2331.0632,2022-11-26 21:40:27.083,2022-11-25 05:06:39.247,403.85883,+OWbbAvnWG,com.sec.android.app.shealth,7735d38c-b637-4d60-89a7-579261aecfc1,1669334400000,
,0a445a64-8650-4191-9992-c4ab7959ad21.extra_data.json,0.0,2532535,2348.8164,2022-11-07 05:00:01.459,2022-11-06 04:00:01.699,328.08514,+OWbbAvnWG,com.sec.android.app.shealth,0a445a64-8650-4191-9992-c4ab7959ad21,1667692800000,
,d507bd59-1bd5-4792-a535-580e69af7f72.extra_data.json,203.90001,4031353,2306.84,2022-11-12 05:00:01.277,2022-11-11 05:00:00.635,502.25977,+OWbbAvnWG,com.sec.android.app.shealth,d507bd59-1bd5-4792-a535-580e69af7f72,1668124800000,
,54f5a922-d241-426b-88ca-13b9471a0e44.extra_data.json,0.0,567617,2403.8464,2022-11-16 05:00:02.090,2022-11-15 05:00:00.495,58.239998,+OWbbAvnWG,com.sec.android.app.shealth,54f5a922-d241-426b-88ca-13b9471a0e44,1668470400000,
,76d03e8d-9a71-46d7-ab55-85c065764901.extra_data.json,0.0,1166714,2387.068,2022-12-02 05:00:01.739,2022-12-01 05:00:00.404,124.68036,+OWbbAvnWG,com.sec.android.app.shealth,76d03e8d-9a71-46d7-ab55-85c065764901,1669852800000,
,5813fb1b-1806-4a48-9cf2-29677a5f9ae2.extra_data.json,0.0,2697211,2344.2046,2022-10-24 04:31:46.029,2022-10-23 04:00:01.790,330.55847,+OWbbAvnWG,com.sec.android.app.shealth,5813fb1b-1806-4a48-9cf2-29677a5f9ae2,1666483200000,
,076677f9-e1a8-4c2a-97ad-ec3550add06f.extra_data.json,214.90001,560812,2404.0369,2022-11-21 20:33:08.420,2022-11-20 05:00:00.540,60.719997,+OWbbAvnWG,com.sec.android.app.shealth,076677f9-e1a8-4c2a-97ad-ec3550add06f,1668902400000,
,f95c0e35-8bfa-4a45-a875-17a667d13e13.extra_data.json,174.0,4395830,2296.6323,2022-11-18 12:05:49.468,2022-11-17 05:00:02.364,498.09158,+OWbbAvnWG,com.sec.android.app.shealth,f95c0e35-8bfa-4a45-a875-17a667d13e13,1668643200000,
,b18306f3-8ffd-49da-8f63-c6a3c716cfeb.extra_data.json,0.0,4624250,2290.2354,2022-10-30 04:00:01.406,2022-10-29 04:00:00.614,553.2814,+OWbbAvnWG,com.sec.android.app.shealth,b18306f3-8ffd-49da-8f63-c6a3c716cfeb,1667001600000,
,57cfa7ee-4b8e-48af-8ae2-239c4a941560.extra_data.json,0.0,714623,2399.7295,2022-12-08 05:00:01.389,2022-12-07 05:00:00.421,74.04999,+OWbbAvnWG,com.sec.android.app.shealth,57cfa7ee-4b8e-48af-8ae2-239c4a941560,1670371200000,
,f407477f-e716-43b3-be20-243591e45592.extra_data.json,169.40001,2265634,2356.2915,2022-11-22 14:52:45.543,2022-11-21 05:00:00.323,236.9303,+OWbbAvnWG,com.sec.android.app.shealth,f407477f-e716-43b3-be20-243591e45592,1668988800000,
,7c6d8e1f-02cb-4ef8-9a4f-7f0aa893f3f1.extra_data.json,0.0,3226597,2329.3782,2022-11-13 05:50:47.648,2022-11-12 05:00:01.107,355.04977,+OWbbAvnWG,com.sec.android.app.shealth,7c6d8e1f-02cb-4ef8-9a4f-7f0aa893f3f1,1668211200000,
,88fc3a01-27d8-4d08-9fa3-39e26f0b863a.extra_data.json,0.0,1261297,2384.4192,2022-11-24 05:00:07.124,2022-11-23 05:00:01.402,129.48999,+OWbbAvnWG,com.sec.android.app.shealth,88fc3a01-27d8-4d08-9fa3-39e26f0b863a,1669161600000,
,98763601-ccd0-4584-ba9e-6dd77621409b.extra_data.json,0.0,450225,2407.1343,2022-11-27 06:34:28.820,2022-11-26 05:00:00.426,45.949997,+OWbbAvnWG,com.sec.android.app.shealth,98763601-ccd0-4584-ba9e-6dd77621409b,1669420800000,
,ca73bd21-b1e2-4cf3-980e-eb4a693f8a9b.extra_data.json,0.0,811739,2397.0095,2022-12-14 17:38:20.564,2022-12-13 05:00:01.866,84.640015,+OWbbAvnWG,com.sec.android.app.shealth,ca73bd21-b1e2-4cf3-980e-eb4a693f8a9b,1670889600000,
,3a3a4a46-2000-47d9-b383-1eee6787b4d4.extra_data.json,133.0,778389,2397.9434,2022-11-05 19:50:58.719,2022-11-04 04:00:00.905,81.52999,+OWbbAvnWG,com.sec.android.app.shealth,3a3a4a46-2000-47d9-b383-1eee6787b4d4,1667520000000,
,7e91a2d6-1fe2-44dd-bf01-989c660f31e7.extra_data.json,0.0,1359970,2381.6558,2022-11-28 05:39:45.744,2022-11-27 06:34:27.528,176.03038,+OWbbAvnWG,com.sec.android.app.shealth,7e91a2d6-1fe2-44dd-bf01-989c660f31e7,1669507200000,
,bd1f3269-fb52-48d9-91ef-99b5a1390194.extra_data.json,176.3,3608581,2318.6802,2022-11-19 17:47:59.083,2022-11-18 05:00:00.702,460.77975,+OWbbAvnWG,com.sec.android.app.shealth,bd1f3269-fb52-48d9-91ef-99b5a1390194,1668729600000,
,e107a05f-328b-4ec0-bb81-dfb8a206b5cd.extra_data.json,193.6,4581232,2291.44,2022-12-01 23:11:57.934,2022-11-29 05:39:59.922,557.891,+OWbbAvnWG,com.sec.android.app.shealth,e107a05f-328b-4ec0-bb81-dfb8a206b5cd,1669680000000,
,8e0ec224-78a0-45d1-a610-788614a36289.extra_data.json,0.0,1128933,2388.126,2022-12-03 05:05:14.168,2022-12-02 05:00:01.566,119.48998,+OWbbAvnWG,com.sec.android.app.shealth,8e0ec224-78a0-45d1-a610-788614a36289,1669939200000,
,156c49d7-4b4a-4cc5-8729-1be1f3bfd2f7.extra_data.json,0.0,1449524,2379.1477,2022-12-20 10:35:43.300,2022-12-19 05:00:00.556,152.39998,+OWbbAvnWG,com.sec.android.app.shealth,156c49d7-4b4a-4cc5-8729-1be1f3bfd2f7,1671408000000,
,9f304b9b-c5d6-40bd-a3a4-1b8ea59a2d68.extra_data.json,0.0,1102815,2388.8577,2022-12-05 03:27:25.754,2022-12-03 05:05:14.186,117.52998,+OWbbAvnWG,com.sec.android.app.shealth,9f304b9b-c5d6-40bd-a3a4-1b8ea59a2d68,1670025600000,
,c303911d-45a3-4a37-a9c0-5d94a74d5e13.extra_data.json,189.1,323495,2410.6833,2022-11-11 18:13:19.896,2022-11-10 05:00:01.904,32.719994,+OWbbAvnWG,com.sec.android.app.shealth,c303911d-45a3-4a37-a9c0-5d94a74d5e13,1668038400000,
,e151a755-1b31-4ba9-b62d-7da2944e24e6.extra_data.json,0.0,2461140,2350.8162,2022-11-25 07:01:14.155,2022-11-24 05:00:06.865,257.52,+OWbbAvnWG,com.sec.android.app.shealth,e151a755-1b31-4ba9-b62d-7da2944e24e6,1669248000000,
,a1f3802e-377f-4d44-adc6-60e5a6b7384b.extra_data.json,0.0,611639,2402.6135,2022-12-09 05:00:01.518,2022-12-08 05:00:01.262,61.87,+OWbbAvnWG,com.sec.android.app.shealth,a1f3802e-377f-4d44-adc6-60e5a6b7384b,1670457600000,
,72d77234-a4b2-460f-aff3-06150dae3549.extra_data.json,0.0,6824305,2228.6199,2022-12-10 07:03:53.170,2022-12-09 05:00:01.203,877.7346,+OWbbAvnWG,com.sec.android.app.shealth,72d77234-a4b2-460f-aff3-06150dae3549,1670544000000,
,330ed9c7-3e12-43b1-b53b-a5480332ceb3.extra_data.json,0.0,1614005,2374.541,2022-11-17 05:00:02.527,2022-11-16 05:00:01.986,170.95998,+OWbbAvnWG,com.sec.android.app.shealth,330ed9c7-3e12-43b1-b53b-a5480332ceb3,1668556800000,
,5005352c-abbd-4430-bfae-e400c858d281.extra_data.json,0.0,1014504,2391.3308,2022-12-26 18:37:37.619,2022-12-25 05:00:00.661,108.00994,+OWbbAvnWG,com.sec.android.app.shealth,5005352c-abbd-4430-bfae-e400c858d281,1671926400000,
,e3c65d3d-be10-44f9-b2cf-2d051daca1c4.extra_data.json,0.0,4083387,2305.3828,2022-12-06 05:45:06.737,2022-12-05 05:33:18.866,515.7339,+OWbbAvnWG,com.sec.android.app.shealth,e3c65d3d-be10-44f9-b2cf-2d051daca1c4,1670198400000,
,ad28673c-ca86-4ec1-8da5-0f4655abe8fa.extra_data.json,121.700005,409538,2408.2737,2022-12-01 23:11:57.938,2022-11-30 05:06:01.509,41.479996,+OWbbAvnWG,com.sec.android.app.shealth,ad28673c-ca86-4ec1-8da5-0f4655abe8fa,1669766400000,
,275dc3ff-9a26-4d49-88d7-3ce804ed64cd.extra_data.json,0.0,273470,2412.0845,2022-12-15 05:00:00.659,2022-12-14 05:00:01.985,27.689997,+OWbbAvnWG,com.sec.android.app.shealth,275dc3ff-9a26-4d49-88d7-3ce804ed64cd,1670976000000,
,64c6d24c-3bbf-4617-bde6-7e796ca97f7f.extra_data.json,0.0,2209618,2357.86,2022-12-16 22:04:45.875,2022-12-15 05:00:00.525,236.42003,+OWbbAvnWG,com.sec.android.app.shealth,64c6d24c-3bbf-4617-bde6-7e796ca97f7f,1671062400000,
,b89002ea-a949-48d0-8159-1ba723fdf528.extra_data.json,0.0,2947394,2337.1978,2022-11-23 18:27:36.881,2022-11-22 05:00:03.858,318.57986,+OWbbAvnWG,com.sec.android.app.shealth,b89002ea-a949-48d0-8159-1ba723fdf528,1669075200000,
,4ad15bd6-182f-4290-adb2-753423e6357e.extra_data.json,178.1,1127496,2388.1663,2022-12-12 05:00:01.114,2022-12-11 05:18:58.634,119.13013,+OWbbAvnWG,com.sec.android.app.shealth,4ad15bd6-182f-4290-adb2-753423e6357e,1670716800000,
,529e58a2-9a99-4410-bd40-faa99b91bb59.extra_data.json,0.0,1045321,2390.4678,2023-01-01 08:32:54.606,2022-12-31 05:00:00.380,108.69999,+OWbbAvnWG,com.sec.android.app.shealth,529e58a2-9a99-4410-bd40-faa99b91bb59,1672444800000,
,a4c1eccc-06d2-46c0-8239-9260a570bc89.extra_data.json,0.0,756378,2398.56,2022-12-07 05:00:00.601,2022-12-06 05:00:00.526,77.89,+OWbbAvnWG,com.sec.android.app.shealth,a4c1eccc-06d2-46c0-8239-9260a570bc89,1670284800000,
,39125e10-79d4-4376-98ec-d8c467d250e9.extra_data.json,0.0,638986,2401.8477,2022-11-29 05:40:00.148,2022-11-28 05:39:45.307,65.0,+OWbbAvnWG,com.sec.android.app.shealth,39125e10-79d4-4376-98ec-d8c467d250e9,1669593600000,
,c7062bbe-6b03-4d7f-bfda-7125cd590055.extra_data.json,0.0,1151775,2387.4863,2022-12-18 05:00:00.756,2022-12-17 05:00:00.719,122.96003,+OWbbAvnWG,com.sec.android.app.shealth,c7062bbe-6b03-4d7f-bfda-7125cd590055,1671235200000,
,63a5224a-d8c0-4718-b9f5-98569a05ff8d.extra_data.json,0.0,641654,2401.773,2022-12-21 05:00:02.325,2022-12-20 05:00:00.476,65.39001,+OWbbAvnWG,com.sec.android.app.shealth,63a5224a-d8c0-4718-b9f5-98569a05ff8d,1671494400000,
,84028cb2-3034-4c34-83f5-007fab782524.extra_data.json,0.0,5449526,2267.1223,2022-12-22 06:56:44.036,2022-12-21 05:00:02.070,686.1477,+OWbbAvnWG,com.sec.android.app.shealth,84028cb2-3034-4c34-83f5-007fab782524,1671580800000,
,449ecce3-9317-4179-90cb-a750b29d0401.extra_data.json,162.8,1747180,2370.8113,2022-12-06 20:18:42.814,2022-12-04 05:48:29.946,194.61003,+OWbbAvnWG,com.sec.android.app.shealth,449ecce3-9317-4179-90cb-a750b29d0401,1670112000000,
,9e2c0d50-a345-4fe1-aa52-7bd155215a64.extra_data.json,185.6,4512584,2293.3625,2022-12-13 05:00:02.097,2022-12-12 05:00:00.968,599.67676,+OWbbAvnWG,com.sec.android.app.shealth,9e2c0d50-a345-4fe1-aa52-7bd155215a64,1670803200000,
,871c7d02-4f70-4eaa-9c26-a35182fe78d4.extra_data.json,0.0,7105970,2220.7314,2023-01-07 05:00:01.891,2023-01-06 05:56:30.780,916.91907,+OWbbAvnWG,com.sec.android.app.shealth,871c7d02-4f70-4eaa-9c26-a35182fe78d4,1672963200000,
,c5ecd085-cdac-4074-a063-56e04c818c5f.extra_data.json,96.1,551609,2404.295,2022-12-28 05:00:00.729,2022-12-27 05:00:01.413,55.710003,+OWbbAvnWG,com.sec.android.app.shealth,c5ecd085-cdac-4074-a063-56e04c818c5f,1672099200000,
,b780f3e3-de60-4a10-9894-a5d847c8a3ab.extra_data.json,0.0,3755063,2314.578,2022-12-27 05:00:01.637,2022-12-26 05:00:00.363,456.77414,+OWbbAvnWG,com.sec.android.app.shealth,b780f3e3-de60-4a10-9894-a5d847c8a3ab,1672012800000,
,58221ae4-3b72-4efa-8cf1-80984e3dd6f3.extra_data.json,0.0,1003824,2391.63,2022-12-19 19:55:52.433,2022-12-18 05:00:00.557,114.25008,+OWbbAvnWG,com.sec.android.app.shealth,58221ae4-3b72-4efa-8cf1-80984e3dd6f3,1671321600000,
,6e1acf7d-78ef-46d5-8d96-e985a7832fdc.extra_data.json,0.0,3416248,2324.067,2022-12-24 05:00:01.172,2022-12-23 05:00:01.792,380.95026,+OWbbAvnWG,com.sec.android.app.shealth,6e1acf7d-78ef-46d5-8d96-e985a7832fdc,1671753600000,
,0b69add4-269f-4c5f-bdc4-2f12cbe59555.extra_data.json,0.0,2441402,2351.369,2022-12-11 05:18:59.216,2022-12-10 05:35:26.564,274.86014,+OWbbAvnWG,com.sec.android.app.shealth,0b69add4-269f-4c5f-bdc4-2f12cbe59555,1670630400000,
,b982a68d-6225-4f8a-8466-7ffaeeec7e5a.extra_data.json,0.0,1859312,2367.671,2023-01-03 05:50:01.879,2023-01-02 06:54:44.527,205.61003,+OWbbAvnWG,com.sec.android.app.shealth,b982a68d-6225-4f8a-8466-7ffaeeec7e5a,1672617600000,
,562ba7f6-8896-4788-bba6-cc515ce0ae35.extra_data.json,0.0,4390690,2296.7764,2023-01-13 20:50:28.856,2023-01-12 05:00:01.166,516.2645,+OWbbAvnWG,com.sec.android.app.shealth,562ba7f6-8896-4788-bba6-cc515ce0ae35,1673481600000,
,71f0f6b7-63d6-4889-9116-32233b705954.extra_data.json,0.0,4500820,2293.6921,2022-12-25 19:08:33.449,2022-12-24 05:00:00.942,514.1902,+OWbbAvnWG,com.sec.android.app.shealth,71f0f6b7-63d6-4889-9116-32233b705954,1671840000000,
,83e65b16-312c-47e3-a279-298fae4fe198.extra_data.json,0.0,803066,2397.2524,2023-01-02 06:54:44.545,2023-01-01 05:03:49.448,86.03,+OWbbAvnWG,com.sec.android.app.shealth,83e65b16-312c-47e3-a279-298fae4fe198,1672531200000,
,6ce6392a-92c0-49b2-b5bd-226ccbc8a90d.extra_data.json,0.0,1426443,2379.794,2022-12-17 13:52:09.913,2022-12-16 05:00:00.793,161.64003,+OWbbAvnWG,com.sec.android.app.shealth,6ce6392a-92c0-49b2-b5bd-226ccbc8a90d,1671148800000,
,490e2a38-5de6-4c65-b94f-96ab03664a7c.extra_data.json,0.0,725696,2399.4192,2022-12-31 16:43:24.656,2022-12-29 05:00:06.404,75.52962,+OWbbAvnWG,com.sec.android.app.shealth,490e2a38-5de6-4c65-b94f-96ab03664a7c,1672272000000,
,8e022277-7d1b-4d4f-8368-5d988d81771b.extra_data.json,0.0,398464,2408.5837,2022-12-31 05:00:00.506,2022-12-30 05:00:00.582,41.31,+OWbbAvnWG,com.sec.android.app.shealth,8e022277-7d1b-4d4f-8368-5d988d81771b,1672358400000,
,24127f67-7259-4409-8f37-58367ecbb7a8.extra_data.json,0.0,1706155,2371.9604,2022-12-23 05:00:02.084,2022-12-22 06:56:43.117,184.42998,+OWbbAvnWG,com.sec.android.app.shealth,24127f67-7259-4409-8f37-58367ecbb7a8,1671667200000,
,78d413cb-e66d-48de-b90d-1b678ddb299a.extra_data.json,0.0,2790668,2341.587,2023-01-05 05:00:01.324,2023-01-04 05:00:01.991,339.55408,+OWbbAvnWG,com.sec.android.app.shealth,78d413cb-e66d-48de-b90d-1b678ddb299a,1672790400000,
,6b80a677-a942-4835-b249-0ed2098f321a.extra_data.json,0.0,782524,2397.8276,2023-01-09 05:00:00.569,2023-01-08 05:37:35.214,81.75001,+OWbbAvnWG,com.sec.android.app.shealth,6b80a677-a942-4835-b249-0ed2098f321a,1673136000000,
,48b557c2-f7c9-4ca1-b4b7-1db29e753358.extra_data.json,0.0,2970440,2336.5522,2023-01-19 05:00:01.086,2023-01-18 05:00:00.587,325.03867,+OWbbAvnWG,com.sec.android.app.shealth,48b557c2-f7c9-4ca1-b4b7-1db29e753358,1674000000000,
,bc979055-5022-41fc-9cb2-580ec6841669.extra_data.json,0.0,272136,2412.1218,2023-01-06 05:56:31.024,2023-01-05 05:00:01.094,27.62,+OWbbAvnWG,com.sec.android.app.shealth,bc979055-5022-41fc-9cb2-580ec6841669,1672876800000,
,1dd2f92b-554b-4a3b-b785-23b8154ab95e.extra_data.json,0.0,3116373,2332.4653,2022-12-29 10:14:36.986,2022-12-28 05:00:00.503,411.34692,+OWbbAvnWG,com.sec.android.app.shealth,1dd2f92b-554b-4a3b-b785-23b8154ab95e,1672185600000,
,567f49dd-2d40-4305-aea3-5cac90500b06.extra_data.json,0.0,3586424,2319.301,2023-01-11 21:12:56.325,2023-01-10 05:00:01.028,436.35074,+OWbbAvnWG,com.sec.android.app.shealth,567f49dd-2d40-4305-aea3-5cac90500b06,1673308800000,
,f5342911-92e5-419b-9d8a-a655ab8d95ef.extra_data.json,0.0,3170084,2330.9612,2023-01-25 05:20:07.148,2023-01-24 05:00:04.238,337.56006,+OWbbAvnWG,com.sec.android.app.shealth,f5342911-92e5-419b-9d8a-a655ab8d95ef,1674518400000,
,4bb8c7e2-264e-4957-8c76-081f373a5875.extra_data.json,0.0,1145209,2387.6704,2023-01-08 05:37:35.606,2023-01-07 05:00:01.621,116.920006,+OWbbAvnWG,com.sec.android.app.shealth,4bb8c7e2-264e-4957-8c76-081f373a5875,1673049600000,
,7cf7d903-d01c-421c-b09e-f73ee8837f4d.extra_data.json,0.0,4891262,2282.757,2023-01-15 05:00:01.240,2023-01-14 05:00:00.592,571.79004,+OWbbAvnWG,com.sec.android.app.shealth,7cf7d903-d01c-421c-b09e-f73ee8837f4d,1673654400000,
,3b9749df-5019-4d50-929c-f9a8d0d447dd.extra_data.json,0.0,797065,2397.4207,2023-01-04 05:00:02.164,2023-01-03 05:50:01.324,84.66009,+OWbbAvnWG,com.sec.android.app.shealth,3b9749df-5019-4d50-929c-f9a8d0d447dd,1672704000000,
,b0b7c400-a6d0-4935-ab0a-0f29f5347db8.extra_data.json,0.0,3173057,2330.878,2023-01-17 05:00:00.992,2023-01-16 05:00:08.123,348.43008,+OWbbAvnWG,com.sec.android.app.shealth,b0b7c400-a6d0-4935-ab0a-0f29f5347db8,1673827200000,
,539d8c51-ce65-4d06-be03-cfa64adda3ce.extra_data.json,0.0,4475014,2294.4148,2023-01-31 05:14:32.958,2023-01-30 06:00:04.099,505.94757,+OWbbAvnWG,com.sec.android.app.shealth,539d8c51-ce65-4d06-be03-cfa64adda3ce,1675036800000,
,abecfee9-f12b-4ca8-9c91-373c0696c317.extra_data.json,0.0,4053452,2306.2212,2023-01-21 14:57:11.269,2023-01-20 05:00:01.437,439.17883,+OWbbAvnWG,com.sec.android.app.shealth,abecfee9-f12b-4ca8-9c91-373c0696c317,1674172800000,
,2296869b-00a6-4ffc-962b-0cd474579749.extra_data.json,0.0,5014736,2279.299,2023-01-10 12:32:20.543,2023-01-09 05:00:00.367,617.6216,+OWbbAvnWG,com.sec.android.app.shealth,2296869b-00a6-4ffc-962b-0cd474579749,1673222400000,
,f92b7d8f-0602-4d50-9296-53cec1e32613.extra_data.json,0.0,603499,2402.8416,2023-01-12 05:40:05.769,2023-01-11 05:00:02.146,63.99957,+OWbbAvnWG,com.sec.android.app.shealth,f92b7d8f-0602-4d50-9296-53cec1e32613,1673395200000,
,e7e5c623-d859-44e3-b946-38b685fea738.extra_data.json,0.0,3525786,2320.9993,2023-01-23 05:07:00.849,2023-01-22 05:00:16.561,383.35593,+OWbbAvnWG,com.sec.android.app.shealth,e7e5c623-d859-44e3-b946-38b685fea738,1674345600000,
,42a079dd-5697-4f36-b2c5-8a11d14de59e.extra_data.json,0.0,815874,2396.8938,2023-01-14 05:00:00.787,2023-01-13 05:00:00.843,84.430534,+OWbbAvnWG,com.sec.android.app.shealth,42a079dd-5697-4f36-b2c5-8a11d14de59e,1673568000000,
,df55e30e-005d-4c6a-8be3-8ccd560ace6f.extra_data.json,0.0,3110689,2332.6245,2023-02-06 15:06:01.283,2023-02-05 05:00:00.725,282.13837,+OWbbAvnWG,com.sec.android.app.shealth,df55e30e-005d-4c6a-8be3-8ccd560ace6f,1675555200000,
,9bf7e14f-1337-4d6f-a304-ef37513977b7.extra_data.json,0.0,622978,2402.2961,2023-01-18 05:00:00.750,2023-01-17 05:00:00.742,65.659996,+OWbbAvnWG,com.sec.android.app.shealth,9bf7e14f-1337-4d6f-a304-ef37513977b7,1673913600000,
,e6c59a2e-e67d-4996-9051-82e7736d9e54.extra_data.json,0.0,2749524,2342.7395,2023-01-16 05:01:26.182,2023-01-15 05:00:00.970,337.7147,+OWbbAvnWG,com.sec.android.app.shealth,e6c59a2e-e67d-4996-9051-82e7736d9e54,1673740800000,
,f7e0be36-c9a6-4e87-aa96-5374c0394ba1.extra_data.json,0.0,6065714,2249.8652,2023-01-27 20:21:58.347,2023-01-26 05:00:01.077,714.11084,+OWbbAvnWG,com.sec.android.app.shealth,f7e0be36-c9a6-4e87-aa96-5374c0394ba1,1674691200000,
,3ada133d-6046-4aca-a032-875060c09a0c.extra_data.json,0.0,3252673,2328.648,2023-01-29 05:00:02.069,2023-01-28 05:00:02.525,355.2503,+OWbbAvnWG,com.sec.android.app.shealth,3ada133d-6046-4aca-a032-875060c09a0c,1674864000000,
,873c6052-1980-4ef6-9a9a-dacc88c6ea7b.extra_data.json,0.0,4732415,2287.2058,2023-01-20 14:16:16.344,2023-01-19 05:00:00.945,512.07166,+OWbbAvnWG,com.sec.android.app.shealth,873c6052-1980-4ef6-9a9a-dacc88c6ea7b,1674086400000,
,63c63dda-17c3-45c6-9b34-777ab31b6f9d.extra_data.json,0.0,7876797,2199.1433,2023-02-12 16:43:38.606,2023-02-11 05:00:05.560,730.6099,+OWbbAvnWG,com.sec.android.app.shealth,63c63dda-17c3-45c6-9b34-777ab31b6f9d,1676073600000,
,f1dca094-debb-4b48-8508-4698f1f9ff0c.extra_data.json,0.0,4279405,2299.893,2023-01-24 05:00:04.569,2023-01-23 05:06:55.959,479.84995,+OWbbAvnWG,com.sec.android.app.shealth,f1dca094-debb-4b48-8508-4698f1f9ff0c,1674432000000,
,47f078a0-1302-450e-9b0b-c372c3d958aa.extra_data.json,0.0,10933587,2113.5342,2023-01-22 15:35:30.492,2023-01-21 05:00:01.635,1288.2886,+OWbbAvnWG,com.sec.android.app.shealth,47f078a0-1302-450e-9b0b-c372c3d958aa,1674259200000,
,b7dbce72-0201-4c81-bbc3-3b2fa171f6eb.extra_data.json,0.0,3900528,2310.504,2023-02-02 19:55:28.447,2023-02-01 05:00:00.699,433.9804,+OWbbAvnWG,com.sec.android.app.shealth,b7dbce72-0201-4c81-bbc3-3b2fa171f6eb,1675209600000,
,1dd32029-4eb0-4bf3-8762-1376046f0eac.extra_data.json,0.0,3280656,2327.8643,2023-01-26 22:52:00.174,2023-01-25 05:20:05.708,351.21,+OWbbAvnWG,com.sec.android.app.shealth,1dd32029-4eb0-4bf3-8762-1376046f0eac,1674604800000,
,8355d417-6c10-4b41-bc0d-e811c3dcddbc.extra_data.json,0.0,2066102,2361.8794,2023-02-18 15:05:09.160,2023-02-17 05:00:00.394,192.67018,+OWbbAvnWG,com.sec.android.app.shealth,8355d417-6c10-4b41-bc0d-e811c3dcddbc,1676592000000,
,638aca84-68c2-48a0-9249-6a33db08bad0.extra_data.json,0.0,3215433,2329.691,2023-01-30 06:00:05.862,2023-01-29 05:00:01.896,356.71008,+OWbbAvnWG,com.sec.android.app.shealth,638aca84-68c2-48a0-9249-6a33db08bad0,1674950400000,
,c7437363-4fae-440c-b67f-606b5e03a579.extra_data.json,0.0,2568981,2347.7957,2023-01-28 05:00:02.897,2023-01-27 06:10:25.110,278.62015,+OWbbAvnWG,com.sec.android.app.shealth,c7437363-4fae-440c-b67f-606b5e03a579,1674777600000,
,bb4851ea-f4d7-495a-8965-9ad0fcb6241e.extra_data.json,0.0,3298592,2327.362,2023-02-04 05:15:47.658,2023-02-03 05:00:01.067,160.98997,+OWbbAvnWG,com.sec.android.app.shealth,bb4851ea-f4d7-495a-8965-9ad0fcb6241e,1675382400000,
,0c9574f1-e8c0-47af-ac0a-c80417193237.extra_data.json,153.0,727697,2399.3633,2023-02-08 05:00:07.644,2023-02-07 05:00:00.735,34.760002,+OWbbAvnWG,com.sec.android.app.shealth,0c9574f1-e8c0-47af-ac0a-c80417193237,1675728000000,
,989866ef-d3dd-4707-8e53-020d919faba2.extra_data.json,0.0,3731631,2315.2341,2023-02-05 05:00:00.977,2023-02-04 05:15:47.294,383.69696,+OWbbAvnWG,com.sec.android.app.shealth,989866ef-d3dd-4707-8e53-020d919faba2,1675468800000,
,6146d5eb-0092-4c11-8100-8eb87c681c18.extra_data.json,0.0,3891552,2310.7554,2023-02-10 05:00:01.715,2023-02-09 05:00:00.524,287.01105,+OWbbAvnWG,com.sec.android.app.shealth,6146d5eb-0092-4c11-8100-8eb87c681c18,1675900800000,
,bd25af31-4230-46da-ac7f-1463e621faca.extra_data.json,0.0,392196,2408.7595,2023-02-24 16:57:09.896,2023-02-23 05:00:00.608,39.899998,+OWbbAvnWG,com.sec.android.app.shealth,bd25af31-4230-46da-ac7f-1463e621faca,1677110400000,
,535619a0-a017-4213-ac1f-37b97767a101.extra_data.json,0.0,3733596,2315.179,2023-02-14 15:20:22.429,2023-02-13 05:00:00.490,297.90952,+OWbbAvnWG,com.sec.android.app.shealth,535619a0-a017-4213-ac1f-37b97767a101,1676246400000,
,0617d8a5-d9c8-47fe-b3a8-03341eeae788.extra_data.json,0.0,2126336,2360.1926,2023-02-01 05:00:00.954,2023-01-31 05:00:00.670,224.43015,+OWbbAvnWG,com.sec.android.app.shealth,0617d8a5-d9c8-47fe-b3a8-03341eeae788,1675123200000,
,93b3353b-59fa-40e0-9f0c-a192bc8980a1.extra_data.json,0.0,2688349,2344.4526,2023-02-03 05:00:01.319,2023-02-02 05:26:31.194,290.32874,+OWbbAvnWG,com.sec.android.app.shealth,93b3353b-59fa-40e0-9f0c-a192bc8980a1,1675296000000,
,210cbf59-ed36-42d2-84ca-c1282651f589.extra_data.json,0.0,5752414,2258.6394,2023-02-16 16:31:56.103,2023-02-15 05:00:00.485,356.68015,+OWbbAvnWG,com.sec.android.app.shealth,210cbf59-ed36-42d2-84ca-c1282651f589,1676419200000,
,caac09e1-d213-48c8-b472-dc68edb01e5c.extra_data.json,0.0,3878225,2311.1287,2023-03-02 16:25:12.521,2023-03-01 05:00:01.915,300.7003,+OWbbAvnWG,com.sec.android.app.shealth,caac09e1-d213-48c8-b472-dc68edb01e5c,1677628800000,
,04e3dc0d-dfa1-4b9c-bad3-6765200b7352.extra_data.json,0.0,2702291,2344.0623,2023-02-11 14:00:38.871,2023-02-10 05:00:01.495,260.9004,+OWbbAvnWG,com.sec.android.app.shealth,04e3dc0d-dfa1-4b9c-bad3-6765200b7352,1675987200000,
,9e6fe141-cb69-4ed3-ad52-efea5b948282.extra_data.json,227.1,2302866,2355.2488,2023-02-21 16:18:12.473,2023-02-19 05:00:00.689,241.14001,+OWbbAvnWG,com.sec.android.app.shealth,9e6fe141-cb69-4ed3-ad52-efea5b948282,1676764800000,
,ac920141-e402-4146-9a24-1ed74803f63e.extra_data.json,0.0,4468770,2294.5898,2023-02-09 13:26:51.608,2023-02-08 05:00:07.509,426.50333,+OWbbAvnWG,com.sec.android.app.shealth,ac920141-e402-4146-9a24-1ed74803f63e,1675814400000,
,d273c199-2921-4f0a-b7b3-e5094ace7eb5.extra_data.json,0.0,5040679,2278.5725,2023-02-17 05:05:58.070,2023-02-16 05:16:45.594,487.51303,+OWbbAvnWG,com.sec.android.app.shealth,d273c199-2921-4f0a-b7b3-e5094ace7eb5,1676505600000,
,ee4ca802-b046-4e1e-8923-cfeaed58b327.extra_data.json,172.3,6335193,2242.318,2023-02-22 23:27:04.101,2023-02-21 05:00:17.179,738.73816,+OWbbAvnWG,com.sec.android.app.shealth,ee4ca802-b046-4e1e-8923-cfeaed58b327,1676937600000,
,9a111b0e-5b51-4856-a007-08ddebc1f082.extra_data.json,0.0,4199257,2302.1377,2023-02-08 04:46:42.720,2023-02-06 05:00:01.367,426.18683,+OWbbAvnWG,com.sec.android.app.shealth,9a111b0e-5b51-4856-a007-08ddebc1f082,1675641600000,
,cc8e7b95-47fa-405b-9227-ada759cc9a05.extra_data.json,0.0,3028041,2334.9392,2023-02-15 05:00:00.680,2023-02-14 05:00:00.870,258.96014,+OWbbAvnWG,com.sec.android.app.shealth,cc8e7b95-47fa-405b-9227-ada759cc9a05,1676332800000,
,e843c449-574e-4258-b4e7-5a8164bb1e7d.extra_data.json,0.0,3546385,2320.4224,2023-03-08 18:48:13.473,2023-03-07 05:00:18.380,323.0606,+OWbbAvnWG,com.sec.android.app.shealth,e843c449-574e-4258-b4e7-5a8164bb1e7d,1678147200000,
,1997eea4-4051-493e-bba1-85fe987f60c0.extra_data.json,0.0,5287858,2271.6501,2023-02-28 05:00:01.499,2023-02-27 05:42:35.679,534.3702,+OWbbAvnWG,com.sec.android.app.shealth,1997eea4-4051-493e-bba1-85fe987f60c0,1677456000000,
,38bbbace-3a5b-4fca-af71-d82b43d4ea48.extra_data.json,204.0,2689856,2344.4104,2023-02-24 16:57:09.881,2023-02-22 05:00:00.472,281.621,+OWbbAvnWG,com.sec.android.app.shealth,38bbbace-3a5b-4fca-af71-d82b43d4ea48,1677024000000,
,45467854-9ddb-4c14-aef8-808347c700b1.extra_data.json,211.0,5552104,2264.2495,2023-02-21 16:18:12.478,2023-02-20 05:38:28.262,858.85864,+OWbbAvnWG,com.sec.android.app.shealth,45467854-9ddb-4c14-aef8-808347c700b1,1676851200000,
,e5a3c308-f2f5-4b0a-97fe-a3bda33649e8.extra_data.json,0.0,2732395,2343.2192,2023-02-26 06:36:18.450,2023-02-25 05:38:24.384,224.21098,+OWbbAvnWG,com.sec.android.app.shealth,e5a3c308-f2f5-4b0a-97fe-a3bda33649e8,1677283200000,
,5a8a3226-e4cc-47be-8279-2e46c3db1da0.extra_data.json,0.0,3940768,2309.377,2023-02-13 14:03:49.417,2023-02-12 05:00:00.716,384.99667,+OWbbAvnWG,com.sec.android.app.shealth,5a8a3226-e4cc-47be-8279-2e46c3db1da0,1676160000000,
,f901abaf-44e1-41b3-9197-0250d5c70649.extra_data.json,0.0,5363844,2269.522,2023-03-14 13:18:28.912,2023-03-13 04:00:00.432,767.94305,+OWbbAvnWG,com.sec.android.app.shealth,f901abaf-44e1-41b3-9197-0250d5c70649,1678665600000,
,3445d262-c429-4f5a-898f-1726c9637aa8.extra_data.json,0.0,3091259,2333.1687,2023-03-04 15:12:51.115,2023-03-03 05:00:00.741,250.38075,+OWbbAvnWG,com.sec.android.app.shealth,3445d262-c429-4f5a-898f-1726c9637aa8,1677801600000,
,c2b10192-c269-46a8-8881-cd0c5c8e2303.extra_data.json,0.0,4347773,2297.9783,2023-03-01 05:00:02.122,2023-02-28 05:00:00.955,511.25055,+OWbbAvnWG,com.sec.android.app.shealth,c2b10192-c269-46a8-8881-cd0c5c8e2303,1677542400000,
,51923e91-e9c4-4e8f-81a7-ee9ca29f49f5.extra_data.json,0.0,6383251,2240.9722,2023-03-07 00:16:30.903,2023-03-05 05:00:01.068,598.6633,+OWbbAvnWG,com.sec.android.app.shealth,51923e91-e9c4-4e8f-81a7-ee9ca29f49f5,1677974400000,
,44cf4acb-9391-4209-92b9-94a975e5796a.extra_data.json,0.0,440220,2407.4143,2023-02-27 05:42:39.863,2023-02-26 06:36:05.057,21.199995,+OWbbAvnWG,com.sec.android.app.shealth,44cf4acb-9391-4209-92b9-94a975e5796a,1677369600000,
,d2e04e08-be08-4673-b7af-8ced9eb57025.extra_data.json,0.0,1554509,2376.2073,2023-03-07 09:35:10.050,2023-03-06 05:00:02.154,126.43003,+OWbbAvnWG,com.sec.android.app.shealth,d2e04e08-be08-4673-b7af-8ced9eb57025,1678060800000,
,b1793b4b-424b-4978-8369-0d838986cc0c.extra_data.json,0.0,3101648,2332.8777,2023-03-05 14:51:00.826,2023-03-04 05:11:38.017,277.82077,+OWbbAvnWG,com.sec.android.app.shealth,b1793b4b-424b-4978-8369-0d838986cc0c,1677888000000,
,6b777340-3fa2-4e6f-97be-83bcaa9df6c6.extra_data.json,0.0,5162595,2275.1582,2023-03-10 05:00:01.993,2023-03-09 05:00:04.524,414.8701,+OWbbAvnWG,com.sec.android.app.shealth,6b777340-3fa2-4e6f-97be-83bcaa9df6c6,1678320000000,
,5ebcdef2-15b2-4f7f-b84b-c3319c2e1fb3.extra_data.json,0.0,5668535,2260.9888,2023-02-19 05:00:00.839,2023-02-18 05:00:02.594,516.88855,+OWbbAvnWG,com.sec.android.app.shealth,5ebcdef2-15b2-4f7f-b84b-c3319c2e1fb3,1676678400000,
,d3e80855-23e9-4535-bc39-132d5cf80b87.extra_data.json,0.0,7095912,2221.0132,2023-03-12 06:15:01.773,2023-03-11 05:00:01.354,758.93005,+OWbbAvnWG,com.sec.android.app.shealth,d3e80855-23e9-4535-bc39-132d5cf80b87,1678492800000,
,41de84ec-d343-42dd-b8e1-947ff1d81a81.extra_data.json,0.0,566283,2403.884,2023-03-16 04:00:01.173,2023-03-15 04:55:31.987,57.689995,+OWbbAvnWG,com.sec.android.app.shealth,41de84ec-d343-42dd-b8e1-947ff1d81a81,1678838400000,
,542c02d6-3a0b-4163-a536-a19069d6ac4a.extra_data.json,211.90001,10429851,2127.642,2023-03-20 04:00:02.341,2023-03-19 04:00:00.589,1196.9197,+OWbbAvnWG,com.sec.android.app.shealth,542c02d6-3a0b-4163-a536-a19069d6ac4a,1679184000000,
,6bb0b8b2-a0aa-4cdf-aed4-a0323b2c74cd.extra_data.json,0.0,5292403,2271.523,2023-03-13 04:51:19.733,2023-03-12 05:00:00.973,545.93036,+OWbbAvnWG,com.sec.android.app.shealth,6bb0b8b2-a0aa-4cdf-aed4-a0323b2c74cd,1678579200000,
,c548c8e3-433e-41d3-9036-119eff0ce3c4.extra_data.json,137.6,3845457,2312.0464,2023-03-20 02:17:49.181,2023-03-17 04:00:02.691,310.5602,+OWbbAvnWG,com.sec.android.app.shealth,c548c8e3-433e-41d3-9036-119eff0ce3c4,1679011200000,
,a1ab9a63-357e-4146-a627-ac3d4bef9063.extra_data.json,0.0,6901500,2226.4578,2023-02-25 06:49:50.923,2023-02-24 05:20:33.535,825.0248,+OWbbAvnWG,com.sec.android.app.shealth,a1ab9a63-357e-4146-a627-ac3d4bef9063,1677196800000,
,31d1ac3c-7376-4466-8a91-dd6daaa4a91a.extra_data.json,200.90001,2187400,2360.0564,2023-04-19 00:30:42.069,2023-03-25 04:00:01.343,221.06085,+OWbbAvnWG,com.sec.android.app.shealth,31d1ac3c-7376-4466-8a91-dd6daaa4a91a,1679702400000,
,9d0268de-c4bc-41f6-a468-531d5c78b8d3.extra_data.json,199.40001,7052112,2228.9368,2023-03-22 04:33:41.086,2023-03-21 04:00:01.355,955.06433,+OWbbAvnWG,com.sec.android.app.shealth,9d0268de-c4bc-41f6-a468-531d5c78b8d3,1679356800000,
,096640db-e338-4f10-8b85-57c94a49aab2.extra_data.json,172.0,2764684,2343.878,2023-04-19 00:30:41.876,2023-03-23 04:24:07.566,283.29022,+OWbbAvnWG,com.sec.android.app.shealth,096640db-e338-4f10-8b85-57c94a49aab2,1679529600000,
,67f87dba-f22b-4647-b9d1-0ec84443e206.extra_data.json,0.0,2525095,2349.0247,2023-03-11 05:07:06.562,2023-03-10 05:00:01.138,254.3504,+OWbbAvnWG,com.sec.android.app.shealth,67f87dba-f22b-4647-b9d1-0ec84443e206,1678406400000,
,912eb81c-3d94-4606-ba91-443588aff63c.extra_data.json,198.3,7878505,2199.0957,2023-03-20 02:17:49.194,2023-03-18 04:00:01.521,803.6583,+OWbbAvnWG,com.sec.android.app.shealth,912eb81c-3d94-4606-ba91-443588aff63c,1679097600000,
,3818b6a9-82e5-43d8-8e27-5a430328cc2e.extra_data.json,166.5,5362001,2271.0884,2023-04-19 00:30:42.348,2023-03-27 04:00:00.969,626.2633,+OWbbAvnWG,com.sec.android.app.shealth,3818b6a9-82e5-43d8-8e27-5a430328cc2e,1679875200000,
,4aae60d3-ebc9-461e-9a56-2dc607a08271.extra_data.json,0.0,4007875,2307.4978,2023-03-03 14:29:59.841,2023-03-02 05:00:00.800,379.26144,+OWbbAvnWG,com.sec.android.app.shealth,4aae60d3-ebc9-461e-9a56-2dc607a08271,1677715200000,
,eb3e7cd6-f47f-45b0-9565-267ad1568607.extra_data.json,164.0,3448009,2324.728,2023-04-19 00:30:42.610,2023-03-29 04:53:43.725,455.52777,+OWbbAvnWG,com.sec.android.app.shealth,eb3e7cd6-f47f-45b0-9565-267ad1568607,1680048000000,
,c9cb87db-e49e-4643-a16c-69c3b76bd73b.extra_data.json,170.7,975154,2394.0298,2023-04-19 00:30:41.978,2023-03-24 05:29:26.017,97.761246,+OWbbAvnWG,com.sec.android.app.shealth,c9cb87db-e49e-4643-a16c-69c3b76bd73b,1679616000000,
,d4d260a8-3c4c-40b9-bb50-9b01a7f03f35.extra_data.json,0.0,9359743,2159.0518,2023-04-19 00:30:43.124,2023-04-02 04:00:00.902,1163.6086,+OWbbAvnWG,com.sec.android.app.shealth,d4d260a8-3c4c-40b9-bb50-9b01a7f03f35,1680393600000,
,961153f5-0680-4f0a-98c7-0ab9d938d47c.extra_data.json,0.0,1398963,2380.5637,2023-03-17 04:00:03.100,2023-03-16 04:00:00.650,130.32,+OWbbAvnWG,com.sec.android.app.shealth,961153f5-0680-4f0a-98c7-0ab9d938d47c,1678924800000,
,4fb000f9-fad8-44a1-b91e-ce2d07aa4c9c.extra_data.json,177.6,5546048,2265.9304,2023-04-19 00:30:42.938,2023-03-31 04:57:15.670,699.3318,+OWbbAvnWG,com.sec.android.app.shealth,4fb000f9-fad8-44a1-b91e-ce2d07aa4c9c,1680220800000,
,0a56073a-edec-4106-b1ff-9c01cdc54bb4.extra_data.json,0.0,2924166,2339.4087,2023-04-19 00:30:43.301,2023-04-04 04:00:14.551,370.07007,+OWbbAvnWG,com.sec.android.app.shealth,0a56073a-edec-4106-b1ff-9c01cdc54bb4,1680566400000,
,8ad1a1fb-2afb-4bab-a508-ee59c8c8e606.extra_data.json,174.3,6209260,2234.3718,2023-04-19 00:30:44.048,2023-04-08 04:00:00.743,848.32446,+OWbbAvnWG,com.sec.android.app.shealth,8ad1a1fb-2afb-4bab-a508-ee59c8c8e606,1680912000000,
,4883d8d0-74b8-4ba5-ab68-e42c5da7fde2.extra_data.json,0.0,4003202,2307.6287,2023-03-09 16:14:32.869,2023-03-08 05:00:00.523,396.16537,+OWbbAvnWG,com.sec.android.app.shealth,4883d8d0-74b8-4ba5-ab68-e42c5da7fde2,1678233600000,
,9dd85252-d196-4925-abf5-7d4b25568928.extra_data.json,148.1,4393112,2298.2415,2023-04-19 00:30:42.754,2023-03-30 05:41:49.910,600.0045,+OWbbAvnWG,com.sec.android.app.shealth,9dd85252-d196-4925-abf5-7d4b25568928,1680134400000,
,7329820e-ba62-42cd-bcd6-d312e83679f6.extra_data.json,0.0,4957684,2282.4194,2023-04-19 00:30:41.722,2023-03-22 04:00:00.567,509.47205,+OWbbAvnWG,com.sec.android.app.shealth,7329820e-ba62-42cd-bcd6-d312e83679f6,1679443200000,
,3dea1ec2-2eca-4623-a6c1-c6f945be4f74.extra_data.json,185.8,7528539,2210.3713,2023-04-19 00:30:43.518,2023-04-06 04:00:08.846,974.6013,+OWbbAvnWG,com.sec.android.app.shealth,3dea1ec2-2eca-4623-a6c1-c6f945be4f74,1680739200000,
,db2a742e-4014-4d7c-8064-64ede2eba1b8.extra_data.json,186.2,3952563,2297.2507,2023-04-19 00:30:44.724,2023-04-10 04:00:01.493,439.97482,+OWbbAvnWG,com.sec.android.app.shealth,db2a742e-4014-4d7c-8064-64ede2eba1b8,1681084800000,
,e16d6be1-b6a3-431f-bbeb-4f67275d842f.extra_data.json,0.0,3459496,2324.406,2023-04-19 00:30:43.418,2023-04-05 04:00:01.372,415.32074,+OWbbAvnWG,com.sec.android.app.shealth,e16d6be1-b6a3-431f-bbeb-4f67275d842f,1680652800000,
,19b50ba8-073f-4394-b87c-f27a6c605c5c.extra_data.json,0.0,8288384,2176.441,2023-04-19 00:30:45.152,2023-04-14 04:00:01.736,981.1143,+OWbbAvnWG,com.sec.android.app.shealth,19b50ba8-073f-4394-b87c-f27a6c605c5c,1681430400000,
,b8eaf9fb-264c-4633-971e-69326000ebb4.extra_data.json,152.2,2809681,2342.6172,2023-04-19 00:30:42.512,2023-03-28 04:15:57.069,462.26263,+OWbbAvnWG,com.sec.android.app.shealth,b8eaf9fb-264c-4633-971e-69326000ebb4,1679961600000,
,160bd358-dc6b-4e8c-a3a7-ef2479fb7cee.extra_data.json,0.0,3681361,2316.642,2023-03-15 04:55:32.645,2023-03-14 04:00:00.517,381.4408,+OWbbAvnWG,com.sec.android.app.shealth,160bd358-dc6b-4e8c-a3a7-ef2479fb7cee,1678752000000,
,6e0dae7f-79a4-4309-91fe-a435b1a5a532.extra_data.json,0.0,6061124,2238.4995,2023-04-18 21:22:17.632,2023-04-16 04:00:00.438,716.1129,+OWbbAvnWG,com.sec.android.app.shealth,6e0dae7f-79a4-4309-91fe-a435b1a5a532,1681603200000,
,b6f98554-653f-4e02-bdaa-d774138eca37.extra_data.json,0.0,2946860,2325.2727,2023-04-21 04:00:01.943,2023-04-20 04:36:29.518,292.00064,+OWbbAvnWG,com.sec.android.app.shealth,b6f98554-653f-4e02-bdaa-d774138eca37,1681948800000,
,f6590d94-2e08-4685-88c7-5e0c7bc60718.extra_data.json,162.3,3039735,2322.685,2023-04-19 00:30:44.900,2023-04-11 04:00:00.797,334.80276,+OWbbAvnWG,com.sec.android.app.shealth,f6590d94-2e08-4685-88c7-5e0c7bc60718,1681171200000,
,18c1b785-7aec-43f9-ac58-c05e54875773.extra_data.json,0.0,2734957,2331.177,2023-04-19 00:30:45.045,2023-04-12 04:00:01.029,291.04916,+OWbbAvnWG,com.sec.android.app.shealth,18c1b785-7aec-43f9-ac58-c05e54875773,1681257600000,
,b961f6ea-b4a2-4b13-b97a-66a64c8900d1.extra_data.json,0.0,3726591,2303.547,2023-04-23 04:53:52.740,2023-04-22 04:08:07.213,406.8865,+OWbbAvnWG,com.sec.android.app.shealth,b961f6ea-b4a2-4b13-b97a-66a64c8900d1,1682121600000,
,cf3b05d7-fa81-4320-b897-e0ea5b11909b.extra_data.json,0.0,5422262,2256.3,2023-04-27 21:34:53.739,2023-04-26 04:00:00.521,569.55457,+OWbbAvnWG,com.sec.android.app.shealth,cf3b05d7-fa81-4320-b897-e0ea5b11909b,1682467200000,
,9a23a649-0357-40ab-901b-7b42e3cd4bae.extra_data.json,0.0,3114273,2320.6082,2023-04-18 21:22:17.654,2023-04-17 04:00:02.080,337.54892,+OWbbAvnWG,com.sec.android.app.shealth,9a23a649-0357-40ab-901b-7b42e3cd4bae,1681689600000,
,6a227377-68d9-4c5a-854f-7f0ef28834a2.extra_data.json,117.200005,4361409,2299.13,2023-04-19 00:30:43.200,2023-04-03 04:00:00.929,695.61993,+OWbbAvnWG,com.sec.android.app.shealth,6a227377-68d9-4c5a-854f-7f0ef28834a2,1680480000000,
,c0667065-13cc-4ddc-93f3-8d54bedfe0a9.extra_data.json,0.0,7691472,2193.0728,2023-04-29 04:00:02.479,2023-04-28 04:00:00.884,809.0405,+OWbbAvnWG,com.sec.android.app.shealth,c0667065-13cc-4ddc-93f3-8d54bedfe0a9,1682640000000,
,1f649a6d-2c97-4296-a4ef-ad2d6013af61.extra_data.json,0.0,844095,2383.8625,2023-04-19 04:52:01.264,2023-04-18 04:00:02.255,72.47,+OWbbAvnWG,com.sec.android.app.shealth,1f649a6d-2c97-4296-a4ef-ad2d6013af61,1681776000000,
,8561255e-fce2-41b0-9f26-ca34473a8688.extra_data.json,0.0,1990118,2351.9307,2023-05-03 04:00:01.167,2023-05-02 04:00:01.663,208.70999,+OWbbAvnWG,com.sec.android.app.shealth,8561255e-fce2-41b0-9f26-ca34473a8688,1682985600000,
,baf9549e-c894-4ce6-99e0-4f7bacc79bee.extra_data.json,0.0,1444498,2367.1335,2023-04-24 13:03:21.782,2023-04-23 04:00:00.963,81.71019,+OWbbAvnWG,com.sec.android.app.shealth,baf9549e-c894-4ce6-99e0-4f7bacc79bee,1682208000000,
,643d9bf0-95cd-400b-a037-d55d9e7a53ee.extra_data.json,235.5,3766689,2321.2266,2023-03-21 04:00:01.776,2023-03-20 04:00:01.521,312.9692,+OWbbAvnWG,com.sec.android.app.shealth,643d9bf0-95cd-400b-a037-d55d9e7a53ee,1679270400000,
,a86a220d-7d93-4fe9-8fe5-5d47570c7cd6.extra_data.json,175.6,9403805,2145.3616,2023-05-09 11:46:50.528,2023-05-08 04:00:03.502,1244.5696,+OWbbAvnWG,com.sec.android.app.shealth,a86a220d-7d93-4fe9-8fe5-5d47570c7cd6,1683504000000,
,1a00c131-b161-4596-a218-a3d78242448c.extra_data.json,0.0,4217111,2289.8796,2023-05-05 04:00:01.643,2023-05-04 04:00:00.495,439.5099,+OWbbAvnWG,com.sec.android.app.shealth,1a00c131-b161-4596-a218-a3d78242448c,1683158400000,
,75fefa2e-23a2-48e8-ade3-37ab0519eefa.extra_data.json,0.0,2230592,2345.2305,2023-04-25 17:05:27.293,2023-04-24 04:00:00.402,169.62671,+OWbbAvnWG,com.sec.android.app.shealth,75fefa2e-23a2-48e8-ade3-37ab0519eefa,1682294400000,
,e3fdf204-a08d-4a82-82a5-f6a2ff643edf.extra_data.json,0.0,3593196,2307.2637,2023-04-30 16:15:53.323,2023-04-29 04:00:02.114,380.85,+OWbbAvnWG,com.sec.android.app.shealth,e3fdf204-a08d-4a82-82a5-f6a2ff643edf,1682726400000,
,63c8f489-c61a-48cb-8961-3281e683e018.extra_data.json,0.0,8711959,2164.6387,2023-04-19 00:30:44.551,2023-04-09 04:58:06.867,1189.8031,+OWbbAvnWG,com.sec.android.app.shealth,63c8f489-c61a-48cb-8961-3281e683e018,1680998400000,
,f725e3e3-9eca-4623-a7bf-3b9d829d6485.extra_data.json,157.5,5949926,2241.5977,2023-05-15 04:28:01.809,2023-05-14 04:00:01.292,351.8506,+OWbbAvnWG,com.sec.android.app.shealth,f725e3e3-9eca-4623-a7bf-3b9d829d6485,1684022400000,
,77ef64a2-a645-4a94-910e-035532bf8d0e.extra_data.json,151.40001,1517896,2365.0884,2023-05-11 17:40:58.773,2023-05-10 04:00:02.318,158.11925,+OWbbAvnWG,com.sec.android.app.shealth,77ef64a2-a645-4a94-910e-035532bf8d0e,1683676800000,
,b169e051-b9c4-49a5-aa63-614757128745.extra_data.json,0.0,4334533,2286.6077,2023-05-01 04:00:13.722,2023-04-30 04:00:01.146,449.87003,+OWbbAvnWG,com.sec.android.app.shealth,b169e051-b9c4-49a5-aa63-614757128745,1682812800000,
,65f8073d-c30e-473f-b95b-754c997241c2.extra_data.json,220.3,8869445,2172.7922,2023-04-19 00:30:42.167,2023-03-26 04:00:00.634,1185.6713,+OWbbAvnWG,com.sec.android.app.shealth,65f8073d-c30e-473f-b95b-754c997241c2,1679788800000,
,2af55261-21df-4450-be1a-fd423daa18b8.extra_data.json,160.0,3109663,2320.7366,2023-05-07 04:55:54.667,2023-05-05 04:00:00.945,321.02,+OWbbAvnWG,com.sec.android.app.shealth,2af55261-21df-4450-be1a-fd423daa18b8,1683244800000,
,09cfb887-75ec-49ec-9190-c2d71a0e27a7.extra_data.json,0.0,3250064,2316.8247,2023-04-19 00:30:45.221,2023-04-15 04:00:00.690,348.48633,+OWbbAvnWG,com.sec.android.app.shealth,09cfb887-75ec-49ec-9190-c2d71a0e27a7,1681516800000,
,c0828c72-ffd3-4abb-a599-7310dc417964.extra_data.json,165.90001,3907534,2298.5054,2023-05-17 04:00:02.123,2023-05-16 04:00:01.427,410.11365,+OWbbAvnWG,com.sec.android.app.shealth,c0828c72-ffd3-4abb-a599-7310dc417964,1684195200000,
,54f56421-d56b-4f9e-bff0-6795f3f6fd82.extra_data.json,192.40001,6126677,2236.6729,2023-05-21 04:00:04.808,2023-05-20 04:00:01.280,724.2971,+OWbbAvnWG,com.sec.android.app.shealth,54f56421-d56b-4f9e-bff0-6795f3f6fd82,1684540800000,
,37fe6eb7-91c2-4a19-98bc-3f1615afcbf0.extra_data.json,0.0,1503253,2365.4963,2023-05-12 04:00:01.941,2023-05-11 04:39:22.024,149.73033,+OWbbAvnWG,com.sec.android.app.shealth,37fe6eb7-91c2-4a19-98bc-3f1615afcbf0,1683763200000,
,0d74ef0f-13d9-4633-94e6-c8c83d05026d.extra_data.json,177.8,6175312,2235.3179,2023-05-07 04:55:54.670,2023-05-06 04:00:01.293,809.73645,+OWbbAvnWG,com.sec.android.app.shealth,0d74ef0f-13d9-4633-94e6-c8c83d05026d,1683331200000,
,26286dbd-88f0-4698-a9d7-b14b15f61010.extra_data.json,0.0,3677544,2304.9136,2023-04-22 04:08:08.670,2023-04-21 04:00:01.437,227.50122,+OWbbAvnWG,com.sec.android.app.shealth,26286dbd-88f0-4698-a9d7-b14b15f61010,1682035200000,
,0fb3ef3a-8d1c-467b-b72b-1945d47b1495.extra_data.json,188.8,10546387,2125.7961,2023-04-19 00:30:43.046,2023-04-01 04:00:00.653,1381.995,+OWbbAvnWG,com.sec.android.app.shealth,0fb3ef3a-8d1c-467b-b72b-1945d47b1495,1680307200000,
,e110ba86-635a-4f87-9b9c-863b2fe0393d.extra_data.json,153.6,3154944,2319.475,2023-05-18 05:54:03.632,2023-05-17 04:00:00.877,244.6017,+OWbbAvnWG,com.sec.android.app.shealth,e110ba86-635a-4f87-9b9c-863b2fe0393d,1684281600000,
,1ee6c259-b36d-494b-949f-15c756de32f5.extra_data.json,155.8,7024620,2211.6533,2023-05-13 04:00:01.960,2023-05-12 04:00:01.687,965.08606,+OWbbAvnWG,com.sec.android.app.shealth,1ee6c259-b36d-494b-949f-15c756de32f5,1683849600000,
,a627fa2b-3d43-4390-b0cf-18da0f09e552.extra_data.json,0.0,3846085,2300.2175,2023-04-28 04:00:01.226,2023-04-27 04:00:01.441,589.24133,+OWbbAvnWG,com.sec.android.app.shealth,a627fa2b-3d43-4390-b0cf-18da0f09e552,1682553600000,
,80ed0db8-c023-4037-a4ab-baba9aea4451.extra_data.json,173.90001,1557176,2377.7185,2023-04-19 00:30:43.635,2023-04-07 04:00:01.103,160.39015,+OWbbAvnWG,com.sec.android.app.shealth,80ed0db8-c023-4037-a4ab-baba9aea4451,1680825600000,
,cb252aac-cdde-4c39-937d-5d01b400f020.extra_data.json,138.2,4218103,2289.8518,2023-05-19 04:00:04.739,2023-05-18 04:00:00.977,334.95242,+OWbbAvnWG,com.sec.android.app.shealth,cb252aac-cdde-4c39-937d-5d01b400f020,1684368000000,
,95ba89db-afe8-4149-bd54-7b3310f6eef8.extra_data.json,0.0,4179152,2290.9373,2023-05-04 04:00:00.615,2023-05-03 04:00:00.646,439.6901,+OWbbAvnWG,com.sec.android.app.shealth,95ba89db-afe8-4149-bd54-7b3310f6eef8,1683072000000,
,99c92802-822d-4cfd-8970-94e4f909a5fc.extra_data.json,0.0,3497491,2309.9307,2023-04-19 00:30:45.095,2023-04-13 04:00:00.932,364.8859,+OWbbAvnWG,com.sec.android.app.shealth,99c92802-822d-4cfd-8970-94e4f909a5fc,1681344000000,
,7af5a3ab-6eb1-4696-985d-4434419586c1.extra_data.json,181.40001,5060933,2266.368,2023-05-10 04:00:11.344,2023-05-09 04:00:00.690,607.42725,+OWbbAvnWG,com.sec.android.app.shealth,7af5a3ab-6eb1-4696-985d-4434419586c1,1683590400000,
,ce2c07ab-df02-4540-b4b5-9dfd45d0fed8.extra_data.json,0.0,2395447,2340.637,2023-04-20 04:36:31.192,2023-04-19 04:52:00.414,162.2243,+OWbbAvnWG,com.sec.android.app.shealth,ce2c07ab-df02-4540-b4b5-9dfd45d0fed8,1681862400000,
,2827a8f6-1f05-4dd0-8bba-ad4d7530138f.extra_data.json,0.0,2984342,2324.2285,2023-04-26 04:00:01.003,2023-04-25 04:00:01.019,346.08203,+OWbbAvnWG,com.sec.android.app.shealth,2827a8f6-1f05-4dd0-8bba-ad4d7530138f,1682380800000,
,1d6e4ab9-b3f6-4c12-93c0-228fda882b02.extra_data.json,171.40001,8890829,2159.6548,2023-05-16 04:00:05.161,2023-05-15 04:28:00.325,1022.56177,+OWbbAvnWG,com.sec.android.app.shealth,1d6e4ab9-b3f6-4c12-93c0-228fda882b02,1684108800000,
,49a36398-89cb-4939-a991-e40940e92eb7.extra_data.json,0.0,5823526,2245.1196,2023-05-02 04:00:02.193,2023-05-01 04:00:12.774,591.29,+OWbbAvnWG,com.sec.android.app.shealth,49a36398-89cb-4939-a991-e40940e92eb7,1682899200000,
,991678f0-8bae-4448-bcdd-409770ebafd5.extra_data.json,164.0,285476,1356.0526,2023-05-21 17:35:53.684,2023-05-21 04:00:01.577,20.339666,+OWbbAvnWG,com.sec.android.app.shealth,991678f0-8bae-4448-bcdd-409770ebafd5,1684627200000,
,b18a587c-e7f8-4c39-b21b-d07d34c8d282.extra_data.json,149.1,6264895,2232.8218,2023-05-08 12:43:30.403,2023-05-07 04:00:00.984,760.2882,+OWbbAvnWG,com.sec.android.app.shealth,b18a587c-e7f8-4c39-b21b-d07d34c8d282,1683417600000,
,dbe44c45-2935-496c-adbc-2c4ef0c0e9f1.extra_data.json,180.90001,9978508,2129.3484,2023-05-14 04:00:02.112,2023-05-13 04:00:01.302,1332.7126,+OWbbAvnWG,com.sec.android.app.shealth,dbe44c45-2935-496c-adbc-2c4ef0c0e9f1,1683936000000,
,9b5a03d3-6b65-47c4-b5d9-17cf892bf968.extra_data.json,180.40001,7037931,2211.2825,2023-05-20 04:00:07.162,2023-05-19 04:00:00.558,829.32825,+OWbbAvnWG,com.sec.android.app.shealth,9b5a03d3-6b65-47c4-b5d9-17cf892bf968,1684454400000,
